scenario_id,event_type,frame_id,timestamp
SCN_001,ALIGNMENT_STARTED,1,0.0
SCN_001,TRACK_REACQUIRED,1,0.0
SCN_001,ALIGNMENT_STARTED,1,0.0
SCN_001,ALIGNED,13,0.4
SCN_002,ALIGNMENT_STARTED,1,0.0
SCN_002,TRACK_REACQUIRED,1,0.0
SCN_002,ALIGNMENT_STARTED,1,0.0
SCN_002,ALIGNED,11,0.3333
SCN_003,ALIGNMENT_STARTED,1,0.0
SCN_003,TRACK_REACQUIRED,1,0.0
SCN_003,ALIGNMENT_STARTED,1,0.0
SCN_003,ALIGNMENT_LOST,4,0.1
SCN_003,ALIGNMENT_LOST,6,0.1667
SCN_003,ALIGNMENT_LOST,11,0.3333
SCN_003,ALIGNMENT_LOST,14,0.4333
SCN_003,ALIGNMENT_LOST,19,0.6
SCN_003,ALIGNMENT_LOST,21,0.6667
SCN_003,ALIGNMENT_LOST,24,0.7667
SCN_003,ALIGNMENT_LOST,27,0.8667
SCN_003,ALIGNMENT_LOST,34,1.1
SCN_003,ALIGNMENT_LOST,39,1.2667
SCN_003,ALIGNMENT_LOST,42,1.3667
SCN_003,ALIGNMENT_LOST,47,1.5333
SCN_003,ALIGNMENT_LOST,51,1.6667
SCN_003,ALIGNMENT_LOST,58,1.9
SCN_003,ALIGNMENT_LOST,61,2.0
SCN_003,ALIGNMENT_LOST,63,2.0667
SCN_003,ALIGNED,73,2.4
SCN_003,ALIGNMENT_LOST,75,2.4667
SCN_003,ALIGNMENT_LOST,78,2.5667
SCN_003,ALIGNMENT_LOST,81,2.6667
SCN_003,ALIGNMENT_LOST,84,2.7667
SCN_003,ALIGNED,97,3.2
SCN_003,ALIGNMENT_LOST,98,3.2333
SCN_003,ALIGNMENT_LOST,104,3.4333
SCN_003,ALIGNMENT_LOST,107,3.5333
SCN_003,ALIGNMENT_LOST,111,3.6667
SCN_003,ALIGNED,120,3.9667
SCN_003,ALIGNMENT_LOST,122,4.0333
SCN_003,ALIGNMENT_LOST,127,4.2
SCN_003,ALIGNMENT_LOST,132,4.3667
SCN_003,ALIGNMENT_LOST,135,4.4667
SCN_003,ALIGNMENT_LOST,137,4.5333
SCN_003,ALIGNED,143,4.7333
SCN_003,ALIGNMENT_LOST,144,4.7667
SCN_003,ALIGNMENT_LOST,151,5.0
SCN_003,ALIGNMENT_LOST,156,5.1667
SCN_003,ALIGNMENT_LOST,158,5.2333
SCN_003,ALIGNMENT_LOST,161,5.3333
SCN_003,ALIGNED,167,5.5333
SCN_003,ALIGNMENT_LOST,168,5.5667
SCN_003,ALIGNMENT_LOST,179,5.9333
SCN_003,ALIGNMENT_LOST,182,6.0333
SCN_003,ALIGNED,190,6.3
SCN_003,ALIGNMENT_LOST,191,6.3333
SCN_003,ALIGNMENT_LOST,197,6.5333
SCN_003,ALIGNMENT_LOST,202,6.7
SCN_003,ALIGNMENT_LOST,204,6.7667
SCN_003,ALIGNMENT_LOST,209,6.9333
SCN_003,ALIGNMENT_LOST,212,7.0333
SCN_003,ALIGNMENT_LOST,215,7.1333
SCN_003,ALIGNMENT_LOST,220,7.3
SCN_003,ALIGNMENT_LOST,225,7.4667
SCN_003,ALIGNMENT_LOST,228,7.5667
SCN_003,ALIGNED,236,7.8333
SCN_003,ALIGNMENT_LOST,238,7.9
SCN_003,ALIGNMENT_LOST,241,8.0
SCN_003,ALIGNMENT_LOST,244,8.1
SCN_003,ALIGNMENT_LOST,249,8.2667
SCN_003,ALIGNMENT_LOST,251,8.3333
SCN_003,ALIGNMENT_LOST,257,8.5333
SCN_003,ALIGNMENT_LOST,259,8.6
SCN_003,ALIGNMENT_LOST,262,8.7
SCN_003,ALIGNMENT_LOST,268,8.9
SCN_003,ALIGNMENT_LOST,272,9.0333
SCN_003,ALIGNMENT_LOST,275,9.1333
SCN_003,ALIGNMENT_LOST,277,9.2
SCN_003,ALIGNMENT_LOST,280,9.3
SCN_003,ALIGNMENT_LOST,285,9.4667
SCN_003,ALIGNMENT_LOST,292,9.7
SCN_003,ALIGNMENT_LOST,295,9.8
SCN_003,ALIGNMENT_LOST,298,9.9
SCN_003,ALIGNMENT_LOST,301,10.0
SCN_003,ALIGNMENT_LOST,304,10.1
SCN_003,ALIGNMENT_LOST,308,10.2333
SCN_003,ALIGNMENT_LOST,311,10.3333
SCN_003,ALIGNMENT_LOST,313,10.4
SCN_003,ALIGNMENT_LOST,316,10.5
SCN_003,ALIGNMENT_LOST,318,10.5667
SCN_003,ALIGNMENT_LOST,321,10.6667
SCN_003,ALIGNMENT_LOST,328,10.9
SCN_003,ALIGNMENT_LOST,331,11.0
SCN_003,ALIGNMENT_LOST,334,11.1
SCN_003,ALIGNMENT_LOST,342,11.3667
SCN_003,ALIGNMENT_LOST,344,11.4333
SCN_003,ALIGNMENT_LOST,349,11.6
SCN_003,ALIGNMENT_LOST,351,11.6667
SCN_003,ALIGNMENT_LOST,357,11.8667
SCN_003,ALIGNMENT_LOST,360,11.9667
SCN_003,ALIGNMENT_LOST,370,12.3
SCN_003,ALIGNMENT_LOST,373,12.4
SCN_003,ALIGNMENT_LOST,375,12.4667
SCN_003,ALIGNMENT_LOST,378,12.5667
SCN_003,ALIGNMENT_LOST,380,12.6333
SCN_003,ALIGNMENT_LOST,384,12.7667
SCN_003,ALIGNMENT_LOST,391,13.0
SCN_003,ALIGNMENT_LOST,396,13.1667
SCN_003,ALIGNMENT_LOST,399,13.2667
SCN_003,ALIGNMENT_LOST,401,13.3333
SCN_003,ALIGNMENT_LOST,405,13.4667
SCN_003,ALIGNMENT_LOST,408,13.5667
SCN_003,ALIGNMENT_LOST,414,13.7667
SCN_003,ALIGNMENT_LOST,420,13.9667
SCN_003,ALIGNMENT_LOST,427,14.2
SCN_003,ALIGNMENT_LOST,429,14.2667
SCN_003,ALIGNMENT_LOST,432,14.3667
SCN_003,ALIGNMENT_LOST,438,14.5667
SCN_003,ALIGNMENT_LOST,442,14.7
SCN_003,ALIGNMENT_LOST,453,15.0667
SCN_003,ALIGNMENT_LOST,458,15.2333
SCN_003,ALIGNMENT_LOST,465,15.4667
SCN_003,ALIGNMENT_LOST,468,15.5667
SCN_003,ALIGNMENT_LOST,471,15.6667
SCN_003,ALIGNMENT_LOST,476,15.8333
SCN_003,ALIGNMENT_LOST,479,15.9333
SCN_003,ALIGNED,488,16.2333
SCN_003,ALIGNMENT_LOST,489,16.2667
SCN_003,ALIGNMENT_LOST,494,16.4333
SCN_003,ALIGNED,500,16.6333
SCN_003,ALIGNMENT_LOST,501,16.6667
SCN_003,ALIGNMENT_LOST,507,16.8667
SCN_003,ALIGNMENT_LOST,512,17.0333
SCN_003,ALIGNMENT_LOST,515,17.1333
SCN_003,ALIGNMENT_LOST,523,17.4
SCN_003,ALIGNMENT_LOST,525,17.4667
SCN_003,ALIGNED,533,17.7333
SCN_003,ALIGNMENT_LOST,535,17.8
SCN_003,ALIGNMENT_LOST,546,18.1667
SCN_003,ALIGNMENT_LOST,548,18.2333
SCN_003,ALIGNMENT_LOST,551,18.3333
SCN_003,ALIGNED,557,18.5333
SCN_003,ALIGNMENT_LOST,559,18.6
SCN_003,ALIGNMENT_LOST,566,18.8333
SCN_003,ALIGNMENT_LOST,569,18.9333
SCN_003,ALIGNMENT_LOST,571,19.0
SCN_003,ALIGNMENT_LOST,574,19.1
SCN_003,ALIGNMENT_LOST,578,19.2333
SCN_003,ALIGNMENT_LOST,582,19.3667
SCN_003,ALIGNMENT_LOST,584,19.4333
SCN_003,ALIGNMENT_LOST,587,19.5333
SCN_003,ALIGNMENT_LOST,590,19.6333
SCN_003,ALIGNMENT_LOST,592,19.7
SCN_003,ALIGNMENT_LOST,595,19.8
SCN_003,ALIGNMENT_LOST,602,20.0333
SCN_003,ALIGNMENT_LOST,605,20.1333
SCN_003,ALIGNMENT_LOST,608,20.2333
SCN_003,ALIGNMENT_LOST,610,20.3
SCN_003,ALIGNMENT_LOST,614,20.4333
SCN_003,ALIGNMENT_LOST,616,20.5
SCN_003,ALIGNMENT_LOST,618,20.5667
SCN_003,ALIGNMENT_LOST,623,20.7333
SCN_003,ALIGNMENT_LOST,625,20.8
SCN_003,ALIGNMENT_LOST,629,20.9333
SCN_003,ALIGNMENT_LOST,631,21.0
SCN_003,ALIGNMENT_LOST,634,21.1
SCN_003,ALIGNMENT_LOST,639,21.2667
SCN_003,ALIGNMENT_LOST,647,21.5333
SCN_003,ALIGNMENT_LOST,649,21.6
SCN_003,ALIGNMENT_LOST,657,21.8667
SCN_003,ALIGNMENT_LOST,662,22.0333
SCN_003,ALIGNMENT_LOST,664,22.1
SCN_003,ALIGNMENT_LOST,670,22.3
SCN_003,ALIGNMENT_LOST,677,22.5333
SCN_003,ALIGNMENT_LOST,682,22.7
SCN_003,ALIGNMENT_LOST,685,22.8
SCN_003,ALIGNMENT_LOST,688,22.9
SCN_003,ALIGNMENT_LOST,690,22.9667
SCN_003,ALIGNMENT_LOST,694,23.1
SCN_003,ALIGNMENT_LOST,701,23.3333
SCN_003,ALIGNMENT_LOST,704,23.4333
SCN_003,ALIGNMENT_LOST,706,23.5
SCN_003,ALIGNMENT_LOST,709,23.6
SCN_003,ALIGNMENT_LOST,711,23.6667
SCN_003,ALIGNMENT_LOST,714,23.7667
SCN_003,ALIGNMENT_LOST,718,23.9
SCN_003,ALIGNMENT_LOST,721,24.0
SCN_003,ALIGNMENT_LOST,724,24.1
SCN_003,ALIGNMENT_LOST,727,24.2
SCN_003,ALIGNMENT_LOST,730,24.3
SCN_003,ALIGNMENT_LOST,732,24.3667
SCN_003,ALIGNMENT_LOST,737,24.5333
SCN_003,ALIGNMENT_LOST,741,24.6667
SCN_003,ALIGNMENT_LOST,745,24.8
SCN_003,ALIGNMENT_LOST,751,25.0
SCN_003,ALIGNMENT_LOST,753,25.0667
SCN_003,ALIGNED,763,25.4
SCN_003,ALIGNMENT_LOST,765,25.4667
SCN_003,ALIGNMENT_LOST,768,25.5667
SCN_003,ALIGNMENT_LOST,771,25.6667
SCN_003,ALIGNMENT_LOST,774,25.7667
SCN_003,ALIGNMENT_LOST,778,25.9
SCN_003,ALIGNED,787,26.2
SCN_003,ALIGNMENT_LOST,789,26.2667
SCN_003,ALIGNMENT_LOST,794,26.4333
SCN_003,ALIGNMENT_LOST,798,26.5667
SCN_003,ALIGNMENT_LOST,801,26.6667
SCN_003,ALIGNMENT_LOST,804,26.7667
SCN_003,ALIGNED,810,26.9667
SCN_003,ALIGNMENT_LOST,812,27.0333
SCN_003,ALIGNMENT_LOST,822,27.3667
SCN_003,ALIGNMENT_LOST,825,27.4667
SCN_003,ALIGNED,833,27.7333
SCN_003,ALIGNMENT_LOST,834,27.7667
SCN_003,ALIGNMENT_LOST,840,27.9667
SCN_003,ALIGNMENT_LOST,846,28.1667
SCN_003,ALIGNMENT_LOST,848,28.2333
SCN_003,ALIGNMENT_LOST,856,28.5
SCN_003,ALIGNMENT_LOST,861,28.6667
SCN_003,ALIGNMENT_LOST,868,28.9
SCN_003,ALIGNED,880,29.3
SCN_003,ALIGNMENT_LOST,881,29.3333
SCN_003,ALIGNMENT_LOST,887,29.5333
SCN_003,ALIGNMENT_LOST,892,29.7
SCN_003,ALIGNMENT_LOST,894,29.7667
SCN_004,ALIGNMENT_STARTED,1,0.0
SCN_004,TRACK_REACQUIRED,1,0.0
SCN_004,ALIGNMENT_STARTED,1,0.0
SCN_004,ALIGNED,6,0.1667
SCN_005,ALIGNMENT_STARTED,1,0.0
SCN_005,TRACK_REACQUIRED,1,0.0
SCN_005,ALIGNMENT_STARTED,1,0.0
SCN_005,ALIGNED,13,0.4
SCN_006,ALIGNMENT_STARTED,1,0.0
SCN_006,TRACK_REACQUIRED,1,0.0
SCN_006,ALIGNMENT_STARTED,1,0.0
SCN_006,ALIGNED,9,0.2667
SCN_006,ALIGNMENT_LOST,157,5.2
SCN_006,ALIGNED,163,5.4
SCN_006,ALIGNMENT_LOST,281,9.3333
SCN_006,ALIGNED,287,9.5333
SCN_006,ALIGNMENT_LOST,317,10.5333
SCN_006,ALIGNED,323,10.7333
SCN_006,ALIGNMENT_LOST,439,14.6
SCN_006,ALIGNED,446,14.8333
SCN_006,ALIGNMENT_LOST,646,21.5
SCN_006,ALIGNED,654,21.7667
SCN_006,ALIGNMENT_LOST,669,22.2667
SCN_006,ALIGNED,676,22.5
SCN_006,ALIGNMENT_LOST,755,25.1333
SCN_006,ALIGNED,761,25.3333
SCN_006,ALIGNMENT_LOST,779,25.9333
SCN_006,ALIGNED,786,26.1667
SCN_006,ALIGNMENT_LOST,880,29.3
SCN_006,ALIGNED,886,29.5
SCN_007,ALIGNMENT_STARTED,1,0.0
SCN_007,TRACK_REACQUIRED,1,0.0
SCN_007,ALIGNMENT_STARTED,1,0.0
SCN_007,ALIGNMENT_LOST,4,0.1
SCN_007,ALIGNMENT_LOST,6,0.1667
SCN_007,ALIGNMENT_LOST,11,0.3333
SCN_007,ALIGNMENT_LOST,14,0.4333
SCN_007,ALIGNMENT_LOST,19,0.6
SCN_007,ALIGNMENT_LOST,21,0.6667
SCN_007,ALIGNMENT_LOST,24,0.7667
SCN_007,ALIGNMENT_LOST,27,0.8667
SCN_007,ALIGNMENT_LOST,34,1.1
SCN_007,ALIGNMENT_LOST,39,1.2667
SCN_007,ALIGNMENT_LOST,42,1.3667
SCN_007,ALIGNMENT_LOST,45,1.4667
SCN_007,ALIGNMENT_LOST,47,1.5333
SCN_007,ALIGNMENT_LOST,51,1.6667
SCN_007,ALIGNMENT_LOST,58,1.9
SCN_007,ALIGNMENT_LOST,60,1.9667
SCN_007,ALIGNMENT_LOST,63,2.0667
SCN_007,ALIGNMENT_LOST,68,2.2333
SCN_007,ALIGNED,73,2.4
SCN_007,ALIGNMENT_LOST,75,2.4667
SCN_007,ALIGNMENT_LOST,78,2.5667
SCN_007,ALIGNMENT_LOST,81,2.6667
SCN_007,ALIGNMENT_LOST,84,2.7667
SCN_007,ALIGNMENT_LOST,94,3.1
SCN_007,ALIGNMENT_LOST,98,3.2333
SCN_007,ALIGNMENT_LOST,104,3.4333
SCN_007,ALIGNMENT_LOST,108,3.5667
SCN_007,ALIGNMENT_LOST,111,3.6667
SCN_007,ALIGNMENT_LOST,117,3.8667
SCN_007,ALIGNMENT_LOST,122,4.0333
SCN_007,ALIGNMENT_LOST,127,4.2
SCN_007,ALIGNMENT_LOST,131,4.3333
SCN_007,ALIGNED,143,4.7333
SCN_007,ALIGNMENT_LOST,145,4.8
SCN_007,ALIGNMENT_LOST,155,5.1333
SCN_007,ALIGNMENT_LOST,158,5.2333
SCN_007,ALIGNMENT_LOST,161,5.3333
SCN_007,ALIGNMENT_LOST,167,5.5333
SCN_007,ALIGNMENT_LOST,179,5.9333
SCN_007,ALIGNED,190,6.3
SCN_007,ALIGNMENT_LOST,191,6.3333
SCN_007,ALIGNMENT_LOST,197,6.5333
SCN_007,ALIGNMENT_LOST,202,6.7
SCN_007,ALIGNMENT_LOST,204,6.7667
SCN_007,ALIGNMENT_LOST,209,6.9333
SCN_007,ALIGNMENT_LOST,212,7.0333
SCN_007,ALIGNMENT_LOST,215,7.1333
SCN_007,ALIGNMENT_LOST,221,7.3333
SCN_007,ALIGNMENT_LOST,225,7.4667
SCN_007,ALIGNMENT_LOST,228,7.5667
SCN_007,ALIGNED,236,7.8333
SCN_007,ALIGNMENT_LOST,238,7.9
SCN_007,ALIGNMENT_LOST,241,8.0
SCN_007,ALIGNMENT_LOST,244,8.1
SCN_007,ALIGNMENT_LOST,249,8.2667
SCN_007,ALIGNMENT_LOST,251,8.3333
SCN_007,ALIGNMENT_LOST,257,8.5333
SCN_007,ALIGNMENT_LOST,259,8.6
SCN_007,ALIGNMENT_LOST,268,8.9
SCN_007,ALIGNMENT_LOST,272,9.0333
SCN_007,ALIGNMENT_LOST,277,9.2
SCN_007,ALIGNMENT_LOST,280,9.3
SCN_007,ALIGNMENT_LOST,285,9.4667
SCN_007,ALIGNMENT_LOST,293,9.7333
SCN_007,ALIGNMENT_LOST,295,9.8
SCN_007,ALIGNMENT_LOST,298,9.9
SCN_007,ALIGNMENT_LOST,301,10.0
SCN_007,ALIGNMENT_LOST,304,10.1
SCN_007,ALIGNMENT_LOST,308,10.2333
SCN_007,ALIGNMENT_LOST,311,10.3333
SCN_007,ALIGNMENT_LOST,313,10.4
SCN_007,ALIGNMENT_LOST,316,10.5
SCN_007,ALIGNMENT_LOST,318,10.5667
SCN_007,ALIGNMENT_LOST,321,10.6667
SCN_007,ALIGNMENT_LOST,325,10.8
SCN_007,ALIGNMENT_LOST,327,10.8667
SCN_007,ALIGNMENT_LOST,331,11.0
SCN_007,ALIGNMENT_LOST,334,11.1
SCN_007,ALIGNMENT_LOST,342,11.3667
SCN_007,ALIGNMENT_LOST,344,11.4333
SCN_007,ALIGNMENT_LOST,349,11.6
SCN_007,ALIGNMENT_LOST,352,11.7
SCN_007,ALIGNMENT_LOST,357,11.8667
SCN_007,ALIGNMENT_LOST,360,11.9667
SCN_007,ALIGNMENT_LOST,370,12.3
SCN_007,ALIGNMENT_LOST,372,12.3667
SCN_007,ALIGNMENT_LOST,375,12.4667
SCN_007,ALIGNMENT_LOST,378,12.5667
SCN_007,ALIGNMENT_LOST,381,12.6667
SCN_007,ALIGNMENT_LOST,384,12.7667
SCN_007,ALIGNMENT_LOST,391,13.0
SCN_007,ALIGNMENT_LOST,394,13.1
SCN_007,ALIGNMENT_LOST,396,13.1667
SCN_007,ALIGNMENT_LOST,399,13.2667
SCN_007,ALIGNMENT_LOST,401,13.3333
SCN_007,ALIGNMENT_LOST,405,13.4667
SCN_007,ALIGNMENT_LOST,409,13.6
SCN_007,ALIGNMENT_LOST,414,13.7667
SCN_007,ALIGNMENT_LOST,420,13.9667
SCN_007,ALIGNMENT_LOST,424,14.1
SCN_007,ALIGNMENT_LOST,427,14.2
SCN_007,ALIGNMENT_LOST,429,14.2667
SCN_007,ALIGNMENT_LOST,432,14.3667
SCN_007,ALIGNMENT_LOST,438,14.5667
SCN_007,ALIGNMENT_LOST,442,14.7
SCN_007,ALIGNMENT_LOST,447,14.8667
SCN_007,ALIGNMENT_LOST,453,15.0667
SCN_007,ALIGNMENT_LOST,458,15.2333
SCN_007,ALIGNMENT_LOST,461,15.3333
SCN_007,ALIGNED,466,15.5
SCN_007,ALIGNMENT_LOST,468,15.5667
SCN_007,ALIGNMENT_LOST,471,15.6667
SCN_007,ALIGNED,476,15.8333
SCN_007,ALIGNMENT_LOST,477,15.8667
SCN_007,ALIGNMENT_LOST,479,15.9333
SCN_007,ALIGNED,488,16.2333
SCN_007,ALIGNMENT_LOST,489,16.2667
SCN_007,ALIGNMENT_LOST,492,16.3667
SCN_007,ALIGNMENT_LOST,494,16.4333
SCN_007,ALIGNED,500,16.6333
SCN_007,ALIGNMENT_LOST,502,16.7
SCN_007,ALIGNMENT_LOST,507,16.8667
SCN_007,ALIGNMENT_LOST,512,17.0333
SCN_007,ALIGNMENT_LOST,515,17.1333
SCN_007,ALIGNMENT_LOST,523,17.4
SCN_007,ALIGNMENT_LOST,525,17.4667
SCN_007,ALIGNED,533,17.7333
SCN_007,ALIGNMENT_LOST,535,17.8
SCN_007,ALIGNMENT_LOST,546,18.1667
SCN_007,ALIGNMENT_LOST,548,18.2333
SCN_007,ALIGNMENT_LOST,551,18.3333
SCN_007,ALIGNMENT_LOST,557,18.5333
SCN_007,ALIGNMENT_LOST,559,18.6
SCN_007,ALIGNMENT_LOST,566,18.8333
SCN_007,ALIGNMENT_LOST,569,18.9333
SCN_007,ALIGNMENT_LOST,571,19.0
SCN_007,ALIGNMENT_LOST,574,19.1
SCN_007,ALIGNMENT_LOST,582,19.3667
SCN_007,ALIGNMENT_LOST,584,19.4333
SCN_007,ALIGNMENT_LOST,587,19.5333
SCN_007,ALIGNMENT_LOST,590,19.6333
SCN_007,ALIGNMENT_LOST,592,19.7
SCN_007,ALIGNMENT_LOST,595,19.8
SCN_007,ALIGNMENT_LOST,602,20.0333
SCN_007,ALIGNMENT_LOST,605,20.1333
SCN_007,ALIGNMENT_LOST,608,20.2333
SCN_007,ALIGNMENT_LOST,610,20.3
SCN_007,ALIGNMENT_LOST,614,20.4333
SCN_007,ALIGNMENT_LOST,616,20.5
SCN_007,ALIGNMENT_LOST,618,20.5667
SCN_007,ALIGNMENT_LOST,623,20.7333
SCN_007,ALIGNMENT_LOST,625,20.8
SCN_007,ALIGNMENT_LOST,629,20.9333
SCN_007,ALIGNMENT_LOST,631,21.0
SCN_007,ALIGNMENT_LOST,634,21.1
SCN_007,ALIGNMENT_LOST,639,21.2667
SCN_007,ALIGNMENT_LOST,642,21.3667
SCN_007,ALIGNMENT_LOST,649,21.6
SCN_007,ALIGNMENT_LOST,657,21.8667
SCN_007,ALIGNMENT_LOST,662,22.0333
SCN_007,ALIGNMENT_LOST,664,22.1
SCN_007,ALIGNMENT_LOST,671,22.3333
SCN_007,ALIGNMENT_LOST,677,22.5333
SCN_007,ALIGNMENT_LOST,682,22.7
SCN_007,ALIGNMENT_LOST,685,22.8
SCN_007,ALIGNMENT_LOST,688,22.9
SCN_007,ALIGNMENT_LOST,694,23.1
SCN_007,ALIGNMENT_LOST,701,23.3333
SCN_007,ALIGNMENT_LOST,703,23.4
SCN_007,ALIGNMENT_LOST,706,23.5
SCN_007,ALIGNMENT_LOST,709,23.6
SCN_007,ALIGNMENT_LOST,711,23.6667
SCN_007,ALIGNMENT_LOST,714,23.7667
SCN_007,ALIGNMENT_LOST,718,23.9
SCN_007,ALIGNMENT_LOST,721,24.0
SCN_007,ALIGNMENT_LOST,724,24.1
SCN_007,ALIGNMENT_LOST,727,24.2
SCN_007,ALIGNMENT_LOST,730,24.3
SCN_007,ALIGNMENT_LOST,732,24.3667
SCN_007,ALIGNMENT_LOST,737,24.5333
SCN_007,ALIGNMENT_LOST,741,24.6667
SCN_007,ALIGNMENT_LOST,745,24.8
SCN_007,ALIGNMENT_LOST,750,24.9667
SCN_007,ALIGNMENT_LOST,760,25.3
SCN_007,ALIGNMENT_LOST,765,25.4667
SCN_007,ALIGNMENT_LOST,768,25.5667
SCN_007,ALIGNMENT_LOST,771,25.6667
SCN_007,ALIGNMENT_LOST,774,25.7667
SCN_007,ALIGNED,787,26.2
SCN_007,ALIGNMENT_LOST,789,26.2667
SCN_007,ALIGNMENT_LOST,794,26.4333
SCN_007,ALIGNMENT_LOST,798,26.5667
SCN_007,ALIGNMENT_LOST,801,26.6667
SCN_007,ALIGNMENT_LOST,804,26.7667
SCN_007,ALIGNMENT_LOST,807,26.8667
SCN_007,ALIGNMENT_LOST,810,26.9667
SCN_007,ALIGNMENT_LOST,812,27.0333
SCN_007,ALIGNMENT_LOST,822,27.3667
SCN_007,ALIGNMENT_LOST,825,27.4667
SCN_007,ALIGNED,833,27.7333
SCN_007,ALIGNMENT_LOST,834,27.7667
SCN_007,ALIGNMENT_LOST,840,27.9667
SCN_007,ALIGNMENT_LOST,846,28.1667
SCN_007,ALIGNMENT_LOST,848,28.2333
SCN_007,ALIGNMENT_LOST,856,28.5
SCN_007,ALIGNMENT_LOST,861,28.6667
SCN_007,ALIGNMENT_LOST,869,28.9333
SCN_007,ALIGNED,880,29.3
SCN_007,ALIGNMENT_LOST,881,29.3333
SCN_007,ALIGNMENT_LOST,887,29.5333
SCN_007,ALIGNMENT_LOST,892,29.7
SCN_007,ALIGNMENT_LOST,894,29.7667
SCN_007,ALIGNMENT_LOST,900,29.9667
SCN_008,ALIGNMENT_STARTED,1,0.0
SCN_008,TRACK_REACQUIRED,1,0.0
SCN_008,ALIGNMENT_STARTED,1,0.0
SCN_008,ALIGNMENT_LOST,3,0.0667
SCN_008,ALIGNMENT_LOST,6,0.1667
SCN_008,ALIGNMENT_LOST,11,0.3333
SCN_008,ALIGNMENT_LOST,13,0.4
SCN_008,ALIGNMENT_LOST,15,0.4667
SCN_008,ALIGNMENT_LOST,18,0.5667
SCN_008,ALIGNMENT_LOST,21,0.6667
SCN_008,ALIGNMENT_LOST,24,0.7667
SCN_008,ALIGNMENT_LOST,27,0.8667
SCN_008,ALIGNMENT_LOST,34,1.1
SCN_008,ALIGNMENT_LOST,37,1.2
SCN_008,ALIGNMENT_LOST,39,1.2667
SCN_008,ALIGNMENT_LOST,42,1.3667
SCN_008,ALIGNMENT_LOST,47,1.5333
SCN_008,ALIGNMENT_LOST,49,1.6
SCN_008,ALIGNMENT_LOST,51,1.6667
SCN_008,ALIGNMENT_LOST,57,1.8667
SCN_008,ALIGNMENT_LOST,60,1.9667
SCN_008,ALIGNMENT_LOST,63,2.0667
SCN_008,ALIGNMENT_LOST,71,2.3333
SCN_008,ALIGNMENT_LOST,75,2.4667
SCN_008,ALIGNMENT_LOST,78,2.5667
SCN_008,ALIGNMENT_LOST,81,2.6667
SCN_008,ALIGNMENT_LOST,84,2.7667
SCN_008,ALIGNMENT_LOST,86,2.8333
SCN_008,ALIGNMENT_LOST,96,3.1667
SCN_008,ALIGNMENT_LOST,99,3.2667
SCN_008,ALIGNMENT_LOST,101,3.3333
SCN_008,ALIGNMENT_LOST,104,3.4333
SCN_008,ALIGNMENT_LOST,108,3.5667
SCN_008,ALIGNMENT_LOST,110,3.6333
SCN_008,ALIGNMENT_LOST,114,3.7667
SCN_008,ALIGNMENT_LOST,120,3.9667
SCN_008,ALIGNMENT_LOST,122,4.0333
SCN_008,ALIGNMENT_LOST,132,4.3667
SCN_008,ALIGNED,143,4.7333
SCN_008,ALIGNMENT_LOST,144,4.7667
SCN_008,ALIGNMENT_LOST,156,5.1667
SCN_008,ALIGNMENT_LOST,158,5.2333
SCN_008,ALIGNMENT_LOST,161,5.3333
SCN_008,ALIGNMENT_LOST,167,5.5333
SCN_008,ALIGNMENT_LOST,179,5.9333
SCN_008,ALIGNMENT_LOST,189,6.2667
SCN_008,ALIGNMENT_LOST,191,6.3333
SCN_008,ALIGNMENT_LOST,194,6.4333
SCN_008,ALIGNMENT_LOST,197,6.5333
SCN_008,ALIGNMENT_LOST,202,6.7
SCN_008,ALIGNMENT_LOST,213,7.0667
SCN_008,ALIGNMENT_LOST,215,7.1333
SCN_008,ALIGNMENT_LOST,218,7.2333
SCN_008,ALIGNMENT_LOST,221,7.3333
SCN_008,ALIGNMENT_LOST,225,7.4667
SCN_008,ALIGNMENT_LOST,233,7.7333
SCN_008,ALIGNMENT_LOST,236,7.8333
SCN_008,ALIGNMENT_LOST,238,7.9
SCN_008,ALIGNED,244,8.1
SCN_008,TRACK_LOST,245,8.1333
SCN_008,TRACK_REACQUIRED,301,10.0
SCN_008,ALIGNMENT_STARTED,301,10.0
SCN_008,ALIGNMENT_LOST,304,10.1
SCN_008,ALIGNMENT_LOST,308,10.2333
SCN_008,ALIGNMENT_LOST,311,10.3333
SCN_008,ALIGNMENT_LOST,313,10.4
SCN_008,ALIGNMENT_LOST,316,10.5
SCN_008,ALIGNMENT_LOST,318,10.5667
SCN_008,ALIGNMENT_LOST,321,10.6667
SCN_008,ALIGNMENT_LOST,325,10.8
SCN_008,ALIGNMENT_LOST,328,10.9
SCN_008,ALIGNMENT_LOST,331,11.0
SCN_008,ALIGNMENT_LOST,334,11.1
SCN_008,ALIGNMENT_LOST,337,11.2
SCN_008,ALIGNMENT_LOST,342,11.3667
SCN_008,ALIGNMENT_LOST,344,11.4333
SCN_008,ALIGNMENT_LOST,349,11.6
SCN_008,ALIGNMENT_LOST,352,11.7
SCN_008,ALIGNMENT_LOST,355,11.8
SCN_008,ALIGNMENT_LOST,357,11.8667
SCN_008,ALIGNMENT_LOST,360,11.9667
SCN_008,ALIGNMENT_LOST,363,12.0667
SCN_008,ALIGNMENT_LOST,370,12.3
SCN_008,ALIGNMENT_LOST,372,12.3667
SCN_008,ALIGNMENT_LOST,375,12.4667
SCN_008,ALIGNMENT_LOST,378,12.5667
SCN_008,ALIGNMENT_LOST,381,12.6667
SCN_008,ALIGNMENT_LOST,384,12.7667
SCN_008,ALIGNMENT_LOST,391,13.0
SCN_008,ALIGNMENT_LOST,394,13.1
SCN_008,ALIGNMENT_LOST,396,13.1667
SCN_008,ALIGNMENT_LOST,404,13.4333
SCN_008,ALIGNMENT_LOST,406,13.5
SCN_008,ALIGNMENT_LOST,408,13.5667
SCN_008,ALIGNMENT_LOST,411,13.6667
SCN_008,ALIGNMENT_LOST,414,13.7667
SCN_008,ALIGNMENT_LOST,417,13.8667
SCN_008,ALIGNMENT_LOST,419,13.9333
SCN_008,ALIGNMENT_LOST,427,14.2
SCN_008,ALIGNMENT_LOST,430,14.3
SCN_008,ALIGNMENT_LOST,432,14.3667
SCN_008,ALIGNMENT_LOST,435,14.4667
SCN_008,ALIGNMENT_LOST,437,14.5333
SCN_008,ALIGNMENT_LOST,441,14.6667
SCN_008,ALIGNMENT_LOST,443,14.7333
SCN_008,ALIGNMENT_LOST,453,15.0667
SCN_008,ALIGNMENT_LOST,455,15.1333
SCN_008,ALIGNMENT_LOST,461,15.3333
SCN_008,ALIGNMENT_LOST,466,15.5
SCN_008,ALIGNMENT_LOST,468,15.5667
SCN_008,ALIGNMENT_LOST,471,15.6667
SCN_008,ALIGNED,476,15.8333
SCN_008,ALIGNMENT_LOST,477,15.8667
SCN_008,ALIGNMENT_LOST,479,15.9333
SCN_008,ALIGNMENT_LOST,489,16.2667
SCN_008,ALIGNMENT_LOST,491,16.3333
SCN_008,ALIGNMENT_LOST,494,16.4333
SCN_008,ALIGNED,500,16.6333
SCN_008,ALIGNMENT_LOST,501,16.6667
SCN_008,ALIGNMENT_LOST,507,16.8667
SCN_008,ALIGNMENT_LOST,512,17.0333
SCN_008,ALIGNMENT_LOST,515,17.1333
SCN_008,ALIGNMENT_LOST,523,17.4
SCN_008,ALIGNMENT_LOST,525,17.4667
SCN_008,ALIGNMENT_LOST,530,17.6333
SCN_008,ALIGNMENT_LOST,535,17.8
SCN_008,ALIGNMENT_LOST,538,17.9
SCN_008,ALIGNMENT_LOST,546,18.1667
SCN_008,ALIGNMENT_LOST,548,18.2333
SCN_008,ALIGNMENT_LOST,551,18.3333
SCN_008,ALIGNMENT_LOST,554,18.4333
SCN_008,ALIGNMENT_LOST,559,18.6
SCN_008,ALIGNMENT_LOST,566,18.8333
SCN_008,ALIGNMENT_LOST,569,18.9333
SCN_008,ALIGNMENT_LOST,572,19.0333
SCN_008,ALIGNMENT_LOST,574,19.1
SCN_008,ALIGNMENT_LOST,578,19.2333
SCN_008,ALIGNMENT_LOST,582,19.3667
SCN_008,ALIGNMENT_LOST,587,19.5333
SCN_008,ALIGNMENT_LOST,590,19.6333
SCN_008,ALIGNMENT_LOST,593,19.7333
SCN_008,ALIGNMENT_LOST,595,19.8
SCN_008,ALIGNED,604,20.1
SCN_008,TRACK_LOST,605,20.1333
SCN_008,TRACK_REACQUIRED,661,22.0
SCN_008,ALIGNMENT_STARTED,661,22.0
SCN_008,ALIGNMENT_LOST,665,22.1333
SCN_008,ALIGNMENT_LOST,667,22.2
SCN_008,ALIGNMENT_LOST,670,22.3
SCN_008,ALIGNMENT_LOST,673,22.4
SCN_008,ALIGNMENT_LOST,675,22.4667
SCN_008,ALIGNMENT_LOST,682,22.7
SCN_008,ALIGNMENT_LOST,685,22.8
SCN_008,ALIGNMENT_LOST,688,22.9
SCN_008,ALIGNMENT_LOST,691,23.0
SCN_008,ALIGNMENT_LOST,694,23.1
SCN_008,ALIGNMENT_LOST,701,23.3333
SCN_008,ALIGNMENT_LOST,703,23.4
SCN_008,ALIGNMENT_LOST,706,23.5
SCN_008,ALIGNMENT_LOST,709,23.6
SCN_008,ALIGNMENT_LOST,711,23.6667
SCN_008,ALIGNMENT_LOST,714,23.7667
SCN_008,ALIGNMENT_LOST,718,23.9
SCN_008,ALIGNMENT_LOST,721,24.0
SCN_008,ALIGNMENT_LOST,724,24.1
SCN_008,ALIGNMENT_LOST,727,24.2
SCN_008,ALIGNMENT_LOST,729,24.2667
SCN_008,ALIGNMENT_LOST,732,24.3667
SCN_008,ALIGNMENT_LOST,737,24.5333
SCN_008,ALIGNMENT_LOST,739,24.6
SCN_008,ALIGNMENT_LOST,741,24.6667
SCN_008,ALIGNMENT_LOST,747,24.8667
SCN_008,ALIGNMENT_LOST,751,25.0
SCN_008,ALIGNMENT_LOST,753,25.0667
SCN_008,ALIGNMENT_LOST,763,25.4
SCN_008,ALIGNMENT_LOST,765,25.4667
SCN_008,ALIGNMENT_LOST,768,25.5667
SCN_008,ALIGNMENT_LOST,771,25.6667
SCN_008,ALIGNMENT_LOST,775,25.8
SCN_008,ALIGNMENT_LOST,787,26.2
SCN_008,ALIGNMENT_LOST,789,26.2667
SCN_008,ALIGNMENT_LOST,794,26.4333
SCN_008,ALIGNMENT_LOST,798,26.5667
SCN_008,ALIGNMENT_LOST,801,26.6667
SCN_008,ALIGNMENT_LOST,804,26.7667
SCN_008,ALIGNMENT_LOST,810,26.9667
SCN_008,ALIGNMENT_LOST,822,27.3667
SCN_008,ALIGNMENT_LOST,825,27.4667
SCN_008,ALIGNED,833,27.7333
SCN_008,ALIGNMENT_LOST,835,27.8
SCN_008,ALIGNMENT_LOST,840,27.9667
SCN_008,ALIGNMENT_LOST,846,28.1667
SCN_008,ALIGNMENT_LOST,848,28.2333
SCN_008,ALIGNMENT_LOST,856,28.5
SCN_008,ALIGNMENT_LOST,858,28.5667
SCN_008,ALIGNMENT_LOST,864,28.7667
SCN_008,ALIGNMENT_LOST,869,28.9333
SCN_008,ALIGNMENT_LOST,876,29.1667
SCN_008,ALIGNED,881,29.3333
SCN_008,ALIGNMENT_LOST,882,29.3667
SCN_008,ALIGNMENT_LOST,884,29.4333
SCN_008,ALIGNMENT_LOST,887,29.5333
SCN_008,ALIGNMENT_LOST,892,29.7
SCN_009,ALIGNMENT_STARTED,1,0.0
SCN_009,TRACK_REACQUIRED,1,0.0
SCN_009,ALIGNMENT_STARTED,1,0.0
SCN_009,ALIGNED,10,0.3
SCN_010,ALIGNMENT_STARTED,1,0.0
SCN_010,TRACK_REACQUIRED,1,0.0
SCN_010,ALIGNMENT_STARTED,1,0.0
SCN_010,ALIGNED,11,0.3333
SCN_011,ALIGNMENT_STARTED,1,0.0
SCN_011,TRACK_REACQUIRED,1,0.0
SCN_011,ALIGNMENT_STARTED,1,0.0
SCN_011,ALIGNED,11,0.3333
SCN_011,ALIGNMENT_LOST,82,2.7
SCN_011,ALIGNED,87,2.8667
SCN_011,ALIGNMENT_LOST,152,5.0333
SCN_011,ALIGNED,158,5.2333
SCN_011,ALIGNMENT_LOST,222,7.3667
SCN_011,ALIGNED,227,7.5333
SCN_011,ALIGNMENT_LOST,272,9.0333
SCN_011,ALIGNED,277,9.2
SCN_011,ALIGNMENT_LOST,361,12.0
SCN_011,ALIGNED,366,12.1667
SCN_011,ALIGNMENT_LOST,392,13.0333
SCN_011,ALIGNED,397,13.2
SCN_011,ALIGNMENT_LOST,512,17.0333
SCN_011,ALIGNED,517,17.2
SCN_011,ALIGNMENT_LOST,582,19.3667
SCN_011,ALIGNED,587,19.5333
SCN_011,TRACK_LOST,594,19.7667
SCN_011,TRACK_LOST,601,20.0
SCN_012,ALIGNMENT_STARTED,1,0.0
SCN_012,TRACK_REACQUIRED,1,0.0
SCN_012,ALIGNMENT_STARTED,1,0.0
SCN_012,ALIGNED,10,0.3
SCN_012,TRACK_LOST,240,7.9667
SCN_012,TRACK_REACQUIRED,301,10.0
SCN_012,ALIGNMENT_STARTED,301,10.0
SCN_012,ALIGNED,307,10.2
SCN_012,TRACK_LOST,600,19.9667
SCN_012,TRACK_REACQUIRED,661,22.0
SCN_012,ALIGNMENT_STARTED,661,22.0
SCN_012,ALIGNED,668,22.2333
