parameter_name,parameter_value,unit,actual_path_length,actual_average_speed,visible_ratio,detection_rate,centroid_RMSE,tracking_RMSE,track_retention,alignment_rate,angular_RMSE,time_to_alignment
target_speed,10.0,px/s,99.67,10.0,1.0,1.0,1.475,1.475,1.0,0.98,0.0927,0.367
target_speed,25.0,px/s,249.17,25.0,1.0,1.0,1.463,1.463,1.0,0.98,0.0929,0.367
target_speed,50.0,px/s,498.33,50.0,1.0,1.0,1.475,1.475,1.0,0.98,0.0936,0.367
horizontal_fov,2.0,deg,299.0,30.0,0.45,1.0,2.054,2.054,1.0,0.9556,0.1344,0.4
horizontal_fov,4.0,deg,299.0,30.0,1.0,1.0,1.449,1.449,1.0,0.98,0.093,0.367
horizontal_fov,8.0,deg,299.0,30.0,1.0,1.0,1.47,1.47,1.0,0.98,0.094,0.367
camera_jitter,0.0,px,299.0,30.0,1.0,1.0,1.449,1.449,1.0,0.98,0.093,0.367
camera_jitter,5.0,px,299.0,30.0,1.0,1.0,1.472,1.472,1.0,0.98,0.0971,0.367
camera_jitter,20.0,px,299.0,30.0,1.0,1.0,1.469,1.469,1.0,0.2633,0.1359,
gaussian_noise,0.0,DN,299.0,30.0,1.0,1.0,1.449,1.449,1.0,0.98,0.093,0.367
gaussian_noise,10.0,DN,299.0,30.0,1.0,1.0,1.449,1.449,1.0,0.98,0.093,0.367
gaussian_noise,30.0,DN,299.0,30.0,1.0,1.0,1.449,1.449,1.0,0.98,0.093,0.367
fog_strength,0.0,density,299.0,30.0,1.0,1.0,1.449,1.449,1.0,0.98,0.093,0.367
fog_strength,0.5,density,299.0,30.0,1.0,1.0,1.449,1.449,1.0,0.98,0.093,0.367
fog_strength,0.9,density,299.0,30.0,1.0,1.0,1.449,1.449,1.0,0.98,0.093,0.367
target_size,5.0,px,299.0,30.0,1.0,1.0,1.429,1.429,1.0,0.98,0.0928,0.367
target_size,10.0,px,299.0,30.0,1.0,1.0,1.449,1.449,1.0,0.98,0.093,0.367
target_size,20.0,px,299.0,30.0,1.0,1.0,1.449,1.449,1.0,0.98,0.093,0.367
