parameter_id,category,parameter_name,value,unit,min_value,max_value,enabled,affects,source_config,description
CAM_001,CAMERA,image_width,640,pixels,320,1920,true,"frame_dimensions;center_calculation;projection",config.json,"Horizontal camera resolution in pixels"
CAM_002,CAMERA,image_height,480,pixels,240,1080,true,"frame_dimensions;center_calculation;projection",config.json,"Vertical camera resolution in pixels"
CAM_003,CAMERA,fps,30,Hz,10,120,true,"simulation_dt;total_frames;velocity_scaling",config.json,"Camera acquisition and simulation frame rate"
CAM_004,CAMERA,horizontal_fov,4.0,degrees,1.0,30.0,true,"angular_resolution;target_visibility;pixel_to_angle",config.json,"Horizontal optical field of view"
CAM_005,CAMERA,vertical_fov,3.0,degrees,1.0,30.0,true,"angular_resolution;target_visibility;pixel_to_angle",config.json,"Vertical optical field of view"
CAM_006,CAMERA,camera_x,1024.0,m,0.0,2000.0,true,"camera_environment_pose;relative_target_vector",config.json,"Camera optical terminal X coordinate in 2D environment"
CAM_007,CAMERA,camera_y,1024.0,m,0.0,2000.0,true,"camera_environment_pose;relative_target_vector",config.json,"Camera optical terminal Y coordinate in 2D environment"
CAM_008,CAMERA,camera_pan,0.0,degrees,-180.0,180.0,true,"camera_optical_axis;pointing_direction",alignment_config.json,"Initial camera pan orientation angle"
CAM_009,CAMERA,camera_tilt,0.0,degrees,-90.0,90.0,true,"camera_optical_axis;pointing_direction",alignment_config.json,"Initial camera tilt orientation angle"
CAM_010,CAMERA,camera_pan_speed,5.0,deg/s,0.5,30.0,true,"gimbal_rate_limit;pan_step_limit",alignment_config.json,"Maximum virtual pan slew speed"
CAM_011,CAMERA,camera_tilt_speed,5.0,deg/s,0.5,30.0,true,"gimbal_rate_limit;tilt_step_limit",alignment_config.json,"Maximum virtual tilt slew speed"
TGT_001,TARGET,target_initial_x,320.0,pixels,0.0,640.0,true,"initial_target_position;trajectory_start",scenarios.csv,"Initial target X position in camera space"
TGT_002,TARGET,target_initial_y,240.0,pixels,0.0,480.0,true,"initial_target_position;trajectory_start",scenarios.csv,"Initial target Y position in camera space"
TGT_003,TARGET,target_speed,30.0,pixels/s,1.0,150.0,true,"trajectory_velocity;tangential_speed;path_length",scenarios.csv,"Nominal target spatial velocity magnitude"
TGT_004,TARGET,target_size,10,pixels,3,40,true,"beacon_footprint;psf_radius;detector_contour",scenarios.csv,"Target optical beacon footprint size (width x height)"
TGT_005,TARGET,target_intensity,250,DN,50,255,true,"snr;beacon_radiance;detection_threshold",config.json,"Beacon peak optical radiance intensity"
TRJ_001,TRAJECTORY,motion_type,circular,enum,straight_line,random,true,"trajectory_equation;kinematic_model",scenarios.csv,"Target motion trajectory geometry model"
TRJ_002,TRAJECTORY,trajectory_radius,160.0,pixels,20.0,400.0,true,"circular_orbit_span;angular_velocity_scaling",scenarios.csv,"Radius of circular trajectory orbit"
TRJ_003,TRAJECTORY,initial_angle,0.0,radians,-3.1416,3.1416,true,"orbital_phase;start_bearing",scenarios.csv,"Initial angular phase for circular/figure8 motion"
TRJ_004,TRAJECTORY,direction_angle,35.0,degrees,-180.0,180.0,true,"straight_line_heading;velocity_components",scenarios.csv,"Direction heading angle for straight line motion"
DST_001,DISTURBANCE,gaussian_noise_enabled,true,boolean,false,true,true,"sensor_noise;frame_snr",disturbance_matrix.csv,"Enable Gaussian electronic sensor readout noise"
DST_002,DISTURBANCE,gaussian_noise_sigma,15.0,DN,0.0,60.0,true,"pixel_variance;detection_contrast",disturbance_matrix.csv,"Standard deviation of Gaussian sensor noise"
DST_003,DISTURBANCE,salt_pepper_enabled,false,boolean,false,true,true,"impulsive_noise;pixel_corruption",disturbance_matrix.csv,"Enable salt and pepper impulsive pixel noise"
DST_004,DISTURBANCE,salt_pepper_probability,0.003,ratio,0.0,0.05,true,"corrupted_pixel_count",disturbance_matrix.csv,"Probability of impulsive salt/pepper noise"
DST_005,DISTURBANCE,poisson_noise_enabled,false,boolean,false,true,true,"photon_shot_noise;quantum_noise",disturbance_matrix.csv,"Enable Poisson photon shot noise"
DST_006,DISTURBANCE,poisson_scale,0.8,factor,0.1,5.0,true,"shot_noise_variance",disturbance_matrix.csv,"Scaling factor for Poisson shot noise"
DST_007,DISTURBANCE,fog_enabled,false,boolean,false,true,true,"contrast_reduction;atmospheric_scattering",disturbance_matrix.csv,"Enable atmospheric fog/cloud Mie scattering"
DST_008,DISTURBANCE,fog_strength,0.55,ratio,0.0,1.0,true,"attenuation_depth;blur_radius;pedestal",disturbance_matrix.csv,"Fog optical density and contrast attenuation strength"
DST_009,DISTURBANCE,low_light_enabled,false,boolean,false,true,true,"illumination_drop;low_snr",disturbance_matrix.csv,"Enable low light / dark background conditions"
DST_010,DISTURBANCE,brightness_factor,0.32,ratio,0.05,1.0,true,"scene_irradiance;background_mean",disturbance_matrix.csv,"Multiplier for overall frame illumination"
DST_011,DISTURBANCE,contrast_factor,0.40,ratio,0.05,1.0,true,"target_background_contrast",disturbance_matrix.csv,"Contrast reduction factor for low light"
DST_012,DISTURBANCE,camera_jitter_enabled,false,boolean,false,true,true,"optical_boresight_jitter;image_shift",disturbance_matrix.csv,"Enable high-frequency terminal angular jitter"
DST_013,DISTURBANCE,camera_jitter_max_x,15.0,pixels,0.0,40.0,true,"horizontal_jitter_amplitude",disturbance_matrix.csv,"Maximum horizontal camera jitter displacement"
DST_014,DISTURBANCE,camera_jitter_max_y,15.0,pixels,0.0,40.0,true,"vertical_jitter_amplitude",disturbance_matrix.csv,"Maximum vertical camera jitter displacement"
DST_015,DISTURBANCE,camera_jitter_frequency,5.0,Hz,0.5,30.0,true,"vibration_frequency",disturbance_matrix.csv,"Dominant frequency of terminal camera vibration"
PLT_001,PLATFORM,platform_motion_enabled,false,boolean,false,true,true,"platform_sway;base_displacement",disturbance_matrix.csv,"Enable mobile terminal carrier platform motion"
PLT_002,PLATFORM,platform_motion_type,none,enum,none,spiral,true,"platform_kinematic_model",disturbance_matrix.csv,"Kinematic type of platform motion (linear, circular, spiral)"
PLT_003,PLATFORM,platform_amplitude,12.0,pixels,0.0,50.0,true,"sway_amplitude;base_drift",disturbance_matrix.csv,"Displacement amplitude of platform motion"
PLT_004,PLATFORM,platform_frequency,0.15,Hz,0.01,2.0,true,"carrier_drift_period",disturbance_matrix.csv,"Frequency of platform kinematic movement"
TRK_001,TRACKING,acquisition_frames,3,frames,1,15,true,"lock_threshold;state_transition_delay",tracking_config.json,"Consecutive valid detections required for ACQUIRING to TRACKING"
TRK_002,TRACKING,max_consecutive_misses,5,frames,1,20,true,"track_loss_delay;coasting_duration",tracking_config.json,"Consecutive missed detections before transition to LOST"
TRK_003,TRACKING,velocity_filter_alpha,0.6,factor,0.1,1.0,true,"velocity_smoothing;prediction_weight",tracking_config.json,"Exponential smoothing factor for tracked velocity"
ALN_001,ALIGNMENT,kp_pan,0.8,gain,0.05,2.0,true,"pan_controller_gain;settling_time",alignment_config.json,"Proportional control gain for pan axis"
ALN_002,ALIGNMENT,kp_tilt,0.8,gain,0.05,2.0,true,"tilt_controller_gain;settling_time",alignment_config.json,"Proportional control gain for tilt axis"
ALN_003,ALIGNMENT,alignment_threshold_h,0.05,degrees,0.005,0.5,true,"coarse_alignment_lock_criterion",alignment_config.json,"Horizontal angular error threshold for ALIGNED state"
ALN_004,ALIGNMENT,alignment_threshold_v,0.05,degrees,0.005,0.5,true,"coarse_alignment_lock_criterion",alignment_config.json,"Vertical angular error threshold for ALIGNED state"
ALN_005,ALIGNMENT,alignment_stability_frames,5,frames,1,30,true,"stable_lock_requirement;time_to_align",alignment_config.json,"Consecutive aligned frames required for stable lock"
BMK_001,BENCHMARK,target_loss_enabled,false,boolean,false,true,true,"visible_flag;target_occlusion;reacq_test",scenarios.csv,"Enable deliberate target occlusion / link blockage"
BMK_002,BENCHMARK,target_loss_start_time,8.0,seconds,0.0,30.0,true,"occlusion_onset_frame",scenarios.csv,"Timestamp in seconds when target occlusion begins"
BMK_003,BENCHMARK,target_loss_duration,2.0,seconds,0.1,10.0,true,"occlusion_window_length",scenarios.csv,"Duration of target occlusion in seconds"
BMK_004,BENCHMARK,reacquisition_enabled,true,boolean,false,true,true,"post_loss_recovery",scenarios.csv,"Enable reacquisition of optical beacon following loss"
