scenario_id,frame_id,timestamp,visible,detected,false_positive,gt_center_x,gt_center_y,detected_center_x,detected_center_y,error_x,error_y,abs_error_x,abs_error_y,centroid_error
SCN_006,1,0.0,true,true,false,419.0,339.0,420.0,340.0,1.0,1.0,1.0,1.0,1.4142135623730951
SCN_006,2,0.0333,true,true,false,418.0,340.0,419.0,340.5,1.0,0.5,1.0,0.5,1.118033988749895
SCN_006,3,0.0667,true,true,false,417.0,341.0,418.5,340.5,1.5,-0.5,1.5,0.5,1.5811388300841898
SCN_006,4,0.1,true,true,false,416.0,342.0,417.5,342.5,1.5,0.5,1.5,0.5,1.5811388300841898
SCN_006,5,0.1333,true,true,false,415.0,343.0,416.0,344.0,1.0,1.0,1.0,1.0,1.4142135623730951
SCN_006,6,0.1667,true,true,false,414.0,344.0,414.5,345.0,0.5,1.0,0.5,1.0,1.118033988749895
SCN_006,7,0.2,true,true,false,413.0,345.0,414.0,346.0,1.0,1.0,1.0,1.0,1.4142135623730951
SCN_006,8,0.2333,true,true,false,411.0,346.0,412.0,347.5,1.0,1.5,1.0,1.5,1.8027756377319946
SCN_006,9,0.2667,true,true,false,410.0,347.0,411.5,350.0,1.5,3.0,1.5,3.0,3.3541019662496847
SCN_006,10,0.3,true,true,false,409.0,348.0,410.0,349.0,1.0,1.0,1.0,1.0,1.4142135623730951
SCN_006,11,0.3333,true,true,false,408.0,349.0,409.0,350.0,1.0,1.0,1.0,1.0,1.4142135623730951
SCN_006,12,0.3667,true,true,false,407.0,350.0,407.5,351.0,0.5,1.0,0.5,1.0,1.118033988749895
SCN_006,13,0.4,true,true,false,406.0,351.0,407.0,352.5,1.0,1.5,1.0,1.5,1.8027756377319946
SCN_006,14,0.4333,true,true,false,405.0,352.0,405.5,353.0,0.5,1.0,0.5,1.0,1.118033988749895
SCN_006,15,0.4667,true,true,false,403.0,352.0,404.0,353.0,1.0,1.0,1.0,1.0,1.4142135623730951
SCN_006,16,0.5,true,true,false,402.0,353.0,404.5,353.5,2.5,0.5,2.5,0.5,2.5495097567963922
SCN_006,17,0.5333,true,true,false,401.0,354.0,402.0,355.0,1.0,1.0,1.0,1.0,1.4142135623730951
SCN_006,18,0.5667,true,true,false,400.0,355.0,400.5,355.5,0.5,0.5,0.5,0.5,0.7071067811865476
SCN_006,19,0.6,true,true,false,399.0,356.0,399.5,356.0,0.5,0.0,0.5,0.0,0.5
SCN_006,20,0.6333,true,true,false,397.0,357.0,398.0,358.0,1.0,1.0,1.0,1.0,1.4142135623730951
SCN_006,21,0.6667,true,true,false,396.0,357.0,396.5,358.0,0.5,1.0,0.5,1.0,1.118033988749895
SCN_006,22,0.7,true,true,false,395.0,358.0,396.0,359.5,1.0,1.5,1.0,1.5,1.8027756377319946
SCN_006,23,0.7333,true,true,false,394.0,359.0,395.5,360.0,1.5,1.0,1.5,1.0,1.8027756377319946
SCN_006,24,0.7667,true,true,false,393.0,360.0,395.0,361.0,2.0,1.0,2.0,1.0,2.23606797749979
SCN_006,25,0.8,true,true,false,391.0,361.0,392.0,362.0,1.0,1.0,1.0,1.0,1.4142135623730951
SCN_006,26,0.8333,true,true,false,390.0,361.0,391.0,362.0,1.0,1.0,1.0,1.0,1.4142135623730951
SCN_006,27,0.8667,true,true,false,389.0,362.0,390.5,363.5,1.5,1.5,1.5,1.5,2.1213203435596424
SCN_006,28,0.9,true,true,false,387.0,363.0,387.5,363.0,0.5,0.0,0.5,0.0,0.5
SCN_006,29,0.9333,true,true,false,386.0,363.0,387.0,364.0,1.0,1.0,1.0,1.0,1.4142135623730951
SCN_006,30,0.9667,true,true,false,385.0,364.0,386.0,367.0,1.0,3.0,1.0,3.0,3.1622776601683795
SCN_006,31,1.0,true,true,false,384.0,365.0,384.5,366.0,0.5,1.0,0.5,1.0,1.118033988749895
SCN_006,32,1.0333,true,true,false,382.0,365.0,383.0,366.0,1.0,1.0,1.0,1.0,1.4142135623730951
SCN_006,33,1.0667,true,true,false,381.0,366.0,382.0,367.0,1.0,1.0,1.0,1.0,1.4142135623730951
SCN_006,34,1.1,true,true,false,380.0,367.0,381.0,368.0,1.0,1.0,1.0,1.0,1.4142135623730951
SCN_006,35,1.1333,true,true,false,378.0,367.0,378.0,368.0,0.0,1.0,0.0,1.0,1.0
SCN_006,36,1.1667,true,true,false,377.0,368.0,378.0,369.0,1.0,1.0,1.0,1.0,1.4142135623730951
SCN_006,37,1.2,true,true,false,376.0,368.0,376.5,369.0,0.5,1.0,0.5,1.0,1.118033988749895
SCN_006,38,1.2333,true,true,false,374.0,369.0,375.0,369.5,1.0,0.5,1.0,0.5,1.118033988749895
SCN_006,39,1.2667,true,true,false,373.0,370.0,376.0,372.0,3.0,2.0,3.0,2.0,3.605551275463989
SCN_006,40,1.3,true,true,false,372.0,370.0,372.0,371.0,0.0,1.0,0.0,1.0,1.0
SCN_006,41,1.3333,true,true,false,370.0,371.0,371.0,372.5,1.0,1.5,1.0,1.5,1.8027756377319946
SCN_006,42,1.3667,true,true,false,369.0,371.0,369.5,372.0,0.5,1.0,0.5,1.0,1.118033988749895
SCN_006,43,1.4,true,true,false,367.0,372.0,368.0,373.0,1.0,1.0,1.0,1.0,1.4142135623730951
SCN_006,44,1.4333,true,true,false,366.0,372.0,367.0,373.0,1.0,1.0,1.0,1.0,1.4142135623730951
SCN_006,45,1.4667,true,true,false,365.0,373.0,367.5,374.0,2.5,1.0,2.5,1.0,2.692582403567252
SCN_006,46,1.5,true,true,false,363.0,373.0,363.5,374.0,0.5,1.0,0.5,1.0,1.118033988749895
SCN_006,47,1.5333,true,true,false,362.0,374.0,362.0,375.0,0.0,1.0,0.0,1.0,1.0
SCN_006,48,1.5667,true,true,false,360.0,374.0,361.0,375.0,1.0,1.0,1.0,1.0,1.4142135623730951
SCN_006,49,1.6,true,true,false,359.0,374.0,359.5,375.0,0.5,1.0,0.5,1.0,1.118033988749895
SCN_006,50,1.6333,true,true,false,358.0,375.0,360.0,376.0,2.0,1.0,2.0,1.0,2.23606797749979
SCN_006,51,1.6667,true,true,false,356.0,375.0,357.0,375.5,1.0,0.5,1.0,0.5,1.118033988749895
SCN_006,52,1.7,true,true,false,355.0,376.0,355.5,377.5,0.5,1.5,0.5,1.5,1.5811388300841898
SCN_006,53,1.7333,true,true,false,353.0,376.0,354.0,377.0,1.0,1.0,1.0,1.0,1.4142135623730951
SCN_006,54,1.7667,true,true,false,352.0,376.0,353.0,377.5,1.0,1.5,1.0,1.5,1.8027756377319946
SCN_006,55,1.8,true,true,false,351.0,377.0,352.0,376.0,1.0,-1.0,1.0,1.0,1.4142135623730951
SCN_006,56,1.8333,true,true,false,349.0,377.0,350.0,378.0,1.0,1.0,1.0,1.0,1.4142135623730951
SCN_006,57,1.8667,true,true,false,348.0,377.0,349.0,379.0,1.0,2.0,1.0,2.0,2.23606797749979
SCN_006,58,1.9,true,true,false,346.0,378.0,347.0,378.5,1.0,0.5,1.0,0.5,1.118033988749895
SCN_006,59,1.9333,true,true,false,345.0,378.0,345.0,379.0,0.0,1.0,0.0,1.0,1.0
SCN_006,60,1.9667,true,true,false,343.0,378.0,344.5,380.0,1.5,2.0,1.5,2.0,2.5
SCN_006,61,2.0,true,true,false,342.0,378.0,343.0,379.0,1.0,1.0,1.0,1.0,1.4142135623730951
SCN_006,62,2.0333,true,true,false,340.0,378.0,341.0,380.0,1.0,2.0,1.0,2.0,2.23606797749979
SCN_006,63,2.0667,true,true,false,339.0,379.0,341.0,380.0,2.0,1.0,2.0,1.0,2.23606797749979
SCN_006,64,2.1,true,true,false,338.0,379.0,339.0,380.0,1.0,1.0,1.0,1.0,1.4142135623730951
SCN_006,65,2.1333,true,true,false,336.0,379.0,337.0,380.0,1.0,1.0,1.0,1.0,1.4142135623730951
SCN_006,66,2.1667,true,true,false,335.0,379.0,336.0,380.0,1.0,1.0,1.0,1.0,1.4142135623730951
SCN_006,67,2.2,true,true,false,333.0,379.0,333.5,380.0,0.5,1.0,0.5,1.0,1.118033988749895
SCN_006,68,2.2333,true,false,false,332.0,380.0,,,,,,,
SCN_006,69,2.2667,true,true,false,330.0,380.0,331.0,381.5,1.0,1.5,1.0,1.5,1.8027756377319946
SCN_006,70,2.3,true,true,false,329.0,380.0,330.5,381.0,1.5,1.0,1.5,1.0,1.8027756377319946
SCN_006,71,2.3333,true,true,false,327.0,380.0,327.5,379.5,0.5,-0.5,0.5,0.5,0.7071067811865476
SCN_006,72,2.3667,true,true,false,326.0,380.0,327.5,380.0,1.5,0.0,1.5,0.0,1.5
SCN_006,73,2.4,true,true,false,324.0,380.0,325.0,381.0,1.0,1.0,1.0,1.0,1.4142135623730951
SCN_006,74,2.4333,true,true,false,323.0,380.0,324.5,381.0,1.5,1.0,1.5,1.0,1.8027756377319946
SCN_006,75,2.4667,true,true,false,321.0,380.0,322.0,383.0,1.0,3.0,1.0,3.0,3.1622776601683795
SCN_006,76,2.5,true,true,false,320.0,380.0,321.0,381.0,1.0,1.0,1.0,1.0,1.4142135623730951
SCN_006,77,2.5333,true,true,false,319.0,380.0,320.5,381.0,1.5,1.0,1.5,1.0,1.8027756377319946
SCN_006,78,2.5667,true,true,false,317.0,380.0,317.5,381.0,0.5,1.0,0.5,1.0,1.118033988749895
SCN_006,79,2.6,true,true,false,316.0,380.0,316.5,381.0,0.5,1.0,0.5,1.0,1.118033988749895
SCN_006,80,2.6333,true,true,false,314.0,380.0,315.0,380.5,1.0,0.5,1.0,0.5,1.118033988749895
SCN_006,81,2.6667,true,true,false,313.0,380.0,314.0,381.5,1.0,1.5,1.0,1.5,1.8027756377319946
SCN_006,82,2.7,true,true,false,311.0,380.0,312.0,379.0,1.0,-1.0,1.0,1.0,1.4142135623730951
SCN_006,83,2.7333,true,true,false,310.0,380.0,311.5,381.0,1.5,1.0,1.5,1.0,1.8027756377319946
SCN_006,84,2.7667,true,true,false,308.0,380.0,309.0,381.0,1.0,1.0,1.0,1.0,1.4142135623730951
SCN_006,85,2.8,true,true,false,307.0,379.0,308.5,379.5,1.5,0.5,1.5,0.5,1.5811388300841898
SCN_006,86,2.8333,true,true,false,305.0,379.0,305.0,382.0,0.0,3.0,0.0,3.0,3.0
SCN_006,87,2.8667,true,true,false,304.0,379.0,305.0,380.0,1.0,1.0,1.0,1.0,1.4142135623730951
SCN_006,88,2.9,true,true,false,302.0,379.0,303.0,380.5,1.0,1.5,1.0,1.5,1.8027756377319946
SCN_006,89,2.9333,true,true,false,301.0,379.0,302.0,380.5,1.0,1.5,1.0,1.5,1.8027756377319946
SCN_006,90,2.9667,true,true,false,300.0,378.0,301.0,379.0,1.0,1.0,1.0,1.0,1.4142135623730951
SCN_006,91,3.0,true,true,false,298.0,378.0,299.0,378.5,1.0,0.5,1.0,0.5,1.118033988749895
SCN_006,92,3.0333,true,true,false,297.0,378.0,299.0,379.0,2.0,1.0,2.0,1.0,2.23606797749979
SCN_006,93,3.0667,true,true,false,295.0,378.0,296.0,379.0,1.0,1.0,1.0,1.0,1.4142135623730951
SCN_006,94,3.1,true,true,false,294.0,378.0,294.5,379.5,0.5,1.5,0.5,1.5,1.5811388300841898
SCN_006,95,3.1333,true,true,false,292.0,377.0,293.5,379.0,1.5,2.0,1.5,2.0,2.5
SCN_006,96,3.1667,true,true,false,291.0,377.0,292.0,378.5,1.0,1.5,1.0,1.5,1.8027756377319946
SCN_006,97,3.2,true,true,false,289.0,377.0,290.0,378.0,1.0,1.0,1.0,1.0,1.4142135623730951
SCN_006,98,3.2333,true,true,false,288.0,376.0,289.0,377.0,1.0,1.0,1.0,1.0,1.4142135623730951
SCN_006,99,3.2667,true,true,false,287.0,376.0,288.0,377.0,1.0,1.0,1.0,1.0,1.4142135623730951
SCN_006,100,3.3,true,true,false,285.0,376.0,286.0,377.0,1.0,1.0,1.0,1.0,1.4142135623730951
SCN_006,101,3.3333,true,true,false,284.0,375.0,285.0,376.0,1.0,1.0,1.0,1.0,1.4142135623730951
SCN_006,102,3.3667,true,true,false,282.0,375.0,283.0,376.0,1.0,1.0,1.0,1.0,1.4142135623730951
SCN_006,103,3.4,true,true,false,281.0,374.0,282.0,375.0,1.0,1.0,1.0,1.0,1.4142135623730951
SCN_006,104,3.4333,true,true,false,280.0,374.0,282.0,375.0,2.0,1.0,2.0,1.0,2.23606797749979
SCN_006,105,3.4667,true,true,false,278.0,374.0,279.0,375.0,1.0,1.0,1.0,1.0,1.4142135623730951
SCN_006,106,3.5,true,false,false,277.0,373.0,,,,,,,
SCN_006,107,3.5333,true,true,false,275.0,373.0,276.0,374.0,1.0,1.0,1.0,1.0,1.4142135623730951
SCN_006,108,3.5667,true,true,false,274.0,372.0,274.5,372.5,0.5,0.5,0.5,0.5,0.7071067811865476
SCN_006,109,3.6,true,true,false,273.0,372.0,274.0,373.0,1.0,1.0,1.0,1.0,1.4142135623730951
SCN_006,110,3.6333,true,true,false,271.0,371.0,272.0,372.0,1.0,1.0,1.0,1.0,1.4142135623730951
SCN_006,111,3.6667,true,true,false,270.0,371.0,271.0,372.0,1.0,1.0,1.0,1.0,1.4142135623730951
SCN_006,112,3.7,true,true,false,268.0,370.0,269.0,371.5,1.0,1.5,1.0,1.5,1.8027756377319946
SCN_006,113,3.7333,true,true,false,267.0,370.0,267.5,371.5,0.5,1.5,0.5,1.5,1.5811388300841898
SCN_006,114,3.7667,true,true,false,266.0,369.0,266.5,370.0,0.5,1.0,0.5,1.0,1.118033988749895
SCN_006,115,3.8,true,true,false,264.0,368.0,265.5,369.5,1.5,1.5,1.5,1.5,2.1213203435596424
SCN_006,116,3.8333,true,true,false,263.0,368.0,264.0,368.5,1.0,0.5,1.0,0.5,1.118033988749895
SCN_006,117,3.8667,true,true,false,262.0,367.0,263.5,367.5,1.5,0.5,1.5,0.5,1.5811388300841898
SCN_006,118,3.9,true,true,false,260.0,367.0,261.0,368.5,1.0,1.5,1.0,1.5,1.8027756377319946
SCN_006,119,3.9333,true,true,false,259.0,366.0,260.0,367.0,1.0,1.0,1.0,1.0,1.4142135623730951
SCN_006,120,3.9667,true,true,false,258.0,365.0,259.0,366.0,1.0,1.0,1.0,1.0,1.4142135623730951
SCN_006,121,4.0,true,true,false,256.0,365.0,257.0,366.0,1.0,1.0,1.0,1.0,1.4142135623730951
SCN_006,122,4.0333,true,true,false,255.0,364.0,256.0,365.0,1.0,1.0,1.0,1.0,1.4142135623730951
SCN_006,123,4.0667,true,true,false,254.0,363.0,255.0,364.0,1.0,1.0,1.0,1.0,1.4142135623730951
SCN_006,124,4.1,true,true,false,253.0,363.0,254.5,363.5,1.5,0.5,1.5,0.5,1.5811388300841898
SCN_006,125,4.1333,true,true,false,251.0,362.0,249.0,362.0,-2.0,0.0,2.0,0.0,2.0
SCN_006,126,4.1667,true,true,false,250.0,361.0,251.0,362.5,1.0,1.5,1.0,1.5,1.8027756377319946
SCN_006,127,4.2,true,true,false,249.0,361.0,250.0,362.0,1.0,1.0,1.0,1.0,1.4142135623730951
SCN_006,128,4.2333,true,true,false,247.0,360.0,248.0,361.0,1.0,1.0,1.0,1.0,1.4142135623730951
SCN_006,129,4.2667,true,true,false,246.0,359.0,246.5,359.5,0.5,0.5,0.5,0.5,0.7071067811865476
SCN_006,130,4.3,true,true,false,245.0,358.0,246.0,359.0,1.0,1.0,1.0,1.0,1.4142135623730951
SCN_006,131,4.3333,true,true,false,244.0,357.0,245.0,358.0,1.0,1.0,1.0,1.0,1.4142135623730951
SCN_006,132,4.3667,true,true,false,243.0,357.0,244.5,358.0,1.5,1.0,1.5,1.0,1.8027756377319946
SCN_006,133,4.4,true,true,false,241.0,356.0,242.0,357.0,1.0,1.0,1.0,1.0,1.4142135623730951
SCN_006,134,4.4333,true,true,false,240.0,355.0,241.0,356.0,1.0,1.0,1.0,1.0,1.4142135623730951
SCN_006,135,4.4667,true,true,false,239.0,354.0,241.0,355.5,2.0,1.5,2.0,1.5,2.5
SCN_006,136,4.5,true,true,false,238.0,353.0,238.5,353.5,0.5,0.5,0.5,0.5,0.7071067811865476
SCN_006,137,4.5333,true,true,false,237.0,352.0,237.5,353.0,0.5,1.0,0.5,1.0,1.118033988749895
SCN_006,138,4.5667,true,true,false,235.0,352.0,235.5,353.0,0.5,1.0,0.5,1.0,1.118033988749895
SCN_006,139,4.6,true,false,false,234.0,351.0,,,,,,,
SCN_006,140,4.6333,true,true,false,233.0,350.0,233.5,350.5,0.5,0.5,0.5,0.5,0.7071067811865476
SCN_006,141,4.6667,true,true,false,232.0,349.0,233.0,350.0,1.0,1.0,1.0,1.0,1.4142135623730951
SCN_006,142,4.7,true,true,false,231.0,348.0,232.0,349.0,1.0,1.0,1.0,1.0,1.4142135623730951
SCN_006,143,4.7333,true,true,false,230.0,347.0,232.0,348.5,2.0,1.5,2.0,1.5,2.5
SCN_006,144,4.7667,true,true,false,229.0,346.0,229.0,346.0,0.0,0.0,0.0,0.0,0.0
SCN_006,145,4.8,true,true,false,227.0,345.0,228.0,346.0,1.0,1.0,1.0,1.0,1.4142135623730951
SCN_006,146,4.8333,true,true,false,226.0,344.0,227.5,345.0,1.5,1.0,1.5,1.0,1.8027756377319946
SCN_006,147,4.8667,true,true,false,225.0,343.0,226.0,343.5,1.0,0.5,1.0,0.5,1.118033988749895
SCN_006,148,4.9,true,true,false,224.0,342.0,225.5,343.0,1.5,1.0,1.5,1.0,1.8027756377319946
SCN_006,149,4.9333,true,true,false,223.0,341.0,225.0,340.0,2.0,-1.0,2.0,1.0,2.23606797749979
SCN_006,150,4.9667,true,true,false,222.0,340.0,222.5,342.0,0.5,2.0,0.5,2.0,2.0615528128088303
SCN_006,151,5.0,true,true,false,221.0,339.0,221.5,340.0,0.5,1.0,0.5,1.0,1.118033988749895
SCN_006,152,5.0333,true,true,false,220.0,338.0,221.0,339.0,1.0,1.0,1.0,1.0,1.4142135623730951
SCN_006,153,5.0667,true,true,false,219.0,337.0,220.5,338.0,1.5,1.0,1.5,1.0,1.8027756377319946
SCN_006,154,5.1,true,true,false,218.0,336.0,219.5,336.5,1.5,0.5,1.5,0.5,1.5811388300841898
SCN_006,155,5.1333,true,true,false,217.0,335.0,218.0,336.5,1.0,1.5,1.0,1.5,1.8027756377319946
SCN_006,156,5.1667,true,true,false,216.0,334.0,218.0,335.0,2.0,1.0,2.0,1.0,2.23606797749979
SCN_006,157,5.2,true,true,false,215.0,333.0,26.5,180.0,-188.5,-153.0,188.5,153.0,242.77819094803388
SCN_006,158,5.2333,true,true,false,214.0,331.0,217.0,332.0,3.0,1.0,3.0,1.0,3.1622776601683795
SCN_006,159,5.2667,true,true,false,213.0,330.0,214.0,332.0,1.0,2.0,1.0,2.0,2.23606797749979
SCN_006,160,5.3,true,true,false,212.0,329.0,213.0,330.5,1.0,1.5,1.0,1.5,1.8027756377319946
SCN_006,161,5.3333,true,true,false,211.0,328.0,212.0,329.0,1.0,1.0,1.0,1.0,1.4142135623730951
SCN_006,162,5.3667,true,true,false,210.0,327.0,211.0,328.0,1.0,1.0,1.0,1.0,1.4142135623730951
SCN_006,163,5.4,true,true,false,209.0,326.0,210.0,327.5,1.0,1.5,1.0,1.5,1.8027756377319946
SCN_006,164,5.4333,true,true,false,208.0,325.0,208.5,324.5,0.5,-0.5,0.5,0.5,0.7071067811865476
SCN_006,165,5.4667,true,true,false,208.0,323.0,209.0,323.5,1.0,0.5,1.0,0.5,1.118033988749895
SCN_006,166,5.5,true,true,false,207.0,322.0,208.0,323.0,1.0,1.0,1.0,1.0,1.4142135623730951
SCN_006,167,5.5333,true,true,false,206.0,321.0,207.0,322.0,1.0,1.0,1.0,1.0,1.4142135623730951
SCN_006,168,5.5667,true,true,false,205.0,320.0,206.5,320.5,1.5,0.5,1.5,0.5,1.5811388300841898
SCN_006,169,5.6,true,true,false,204.0,319.0,206.0,319.0,2.0,0.0,2.0,0.0,2.0
SCN_006,170,5.6333,true,true,false,203.0,317.0,206.5,318.0,3.5,1.0,3.5,1.0,3.640054944640259
SCN_006,171,5.6667,true,true,false,203.0,316.0,204.0,317.0,1.0,1.0,1.0,1.0,1.4142135623730951
SCN_006,172,5.7,true,true,false,202.0,315.0,203.5,316.5,1.5,1.5,1.5,1.5,2.1213203435596424
SCN_006,173,5.7333,true,true,false,201.0,314.0,201.5,315.0,0.5,1.0,0.5,1.0,1.118033988749895
SCN_006,174,5.7667,true,true,false,200.0,313.0,201.0,314.0,1.0,1.0,1.0,1.0,1.4142135623730951
SCN_006,175,5.8,true,true,false,200.0,311.0,201.0,312.0,1.0,1.0,1.0,1.0,1.4142135623730951
SCN_006,176,5.8333,true,true,false,199.0,310.0,199.5,311.5,0.5,1.5,0.5,1.5,1.5811388300841898
SCN_006,177,5.8667,true,true,false,198.0,309.0,199.0,310.0,1.0,1.0,1.0,1.0,1.4142135623730951
SCN_006,178,5.9,true,true,false,197.0,307.0,198.0,308.0,1.0,1.0,1.0,1.0,1.4142135623730951
SCN_006,179,5.9333,true,true,false,197.0,306.0,200.5,307.0,3.5,1.0,3.5,1.0,3.640054944640259
SCN_006,180,5.9667,true,true,false,196.0,305.0,196.5,306.5,0.5,1.5,0.5,1.5,1.5811388300841898
SCN_006,181,6.0,true,true,false,195.0,304.0,197.5,305.0,2.5,1.0,2.5,1.0,2.692582403567252
SCN_006,182,6.0333,true,true,false,195.0,302.0,196.0,303.0,1.0,1.0,1.0,1.0,1.4142135623730951
SCN_006,183,6.0667,true,true,false,194.0,301.0,195.0,302.0,1.0,1.0,1.0,1.0,1.4142135623730951
SCN_006,184,6.1,true,true,false,193.0,300.0,194.0,301.0,1.0,1.0,1.0,1.0,1.4142135623730951
SCN_006,185,6.1333,true,true,false,193.0,298.0,195.5,301.0,2.5,3.0,2.5,3.0,3.905124837953327
SCN_006,186,6.1667,true,true,false,192.0,297.0,193.0,298.0,1.0,1.0,1.0,1.0,1.4142135623730951
SCN_006,187,6.2,true,true,false,192.0,296.0,193.0,296.5,1.0,0.5,1.0,0.5,1.118033988749895
SCN_006,188,6.2333,true,true,false,191.0,294.0,193.0,295.0,2.0,1.0,2.0,1.0,2.23606797749979
SCN_006,189,6.2667,true,true,false,190.0,293.0,191.0,294.0,1.0,1.0,1.0,1.0,1.4142135623730951
SCN_006,190,6.3,true,true,false,190.0,292.0,191.0,293.5,1.0,1.5,1.0,1.5,1.8027756377319946
SCN_006,191,6.3333,true,true,false,189.0,290.0,190.0,291.0,1.0,1.0,1.0,1.0,1.4142135623730951
SCN_006,192,6.3667,true,true,false,189.0,289.0,189.0,291.0,0.0,2.0,0.0,2.0,2.0
SCN_006,193,6.4,true,true,false,188.0,287.0,187.0,287.0,-1.0,0.0,1.0,0.0,1.0
SCN_006,194,6.4333,true,true,false,188.0,286.0,188.5,286.5,0.5,0.5,0.5,0.5,0.7071067811865476
SCN_006,195,6.4667,true,true,false,187.0,285.0,188.0,285.5,1.0,0.5,1.0,0.5,1.118033988749895
SCN_006,196,6.5,true,true,false,187.0,283.0,188.0,284.0,1.0,1.0,1.0,1.0,1.4142135623730951
SCN_006,197,6.5333,true,true,false,186.0,282.0,187.0,283.5,1.0,1.5,1.0,1.5,1.8027756377319946
SCN_006,198,6.5667,true,true,false,186.0,280.0,187.0,281.0,1.0,1.0,1.0,1.0,1.4142135623730951
SCN_006,199,6.6,true,true,false,186.0,279.0,186.5,280.0,0.5,1.0,0.5,1.0,1.118033988749895
SCN_006,200,6.6333,true,true,false,185.0,278.0,186.0,279.0,1.0,1.0,1.0,1.0,1.4142135623730951
SCN_006,201,6.6667,true,true,false,185.0,276.0,186.5,277.0,1.5,1.0,1.5,1.0,1.8027756377319946
SCN_006,202,6.7,true,true,false,184.0,275.0,185.0,275.5,1.0,0.5,1.0,0.5,1.118033988749895
SCN_006,203,6.7333,true,true,false,184.0,273.0,185.0,274.0,1.0,1.0,1.0,1.0,1.4142135623730951
SCN_006,204,6.7667,true,true,false,184.0,272.0,185.0,273.0,1.0,1.0,1.0,1.0,1.4142135623730951
SCN_006,205,6.8,true,true,false,183.0,271.0,184.0,270.5,1.0,-0.5,1.0,0.5,1.118033988749895
SCN_006,206,6.8333,true,true,false,183.0,269.0,184.5,270.0,1.5,1.0,1.5,1.0,1.8027756377319946
SCN_006,207,6.8667,true,true,false,183.0,268.0,184.0,269.0,1.0,1.0,1.0,1.0,1.4142135623730951
SCN_006,208,6.9,true,true,false,182.0,266.0,182.5,267.0,0.5,1.0,0.5,1.0,1.118033988749895
SCN_006,209,6.9333,true,true,false,182.0,265.0,183.5,266.0,1.5,1.0,1.5,1.0,1.8027756377319946
SCN_006,210,6.9667,true,true,false,182.0,263.0,183.5,263.5,1.5,0.5,1.5,0.5,1.5811388300841898
SCN_006,211,7.0,true,true,false,182.0,262.0,183.0,263.0,1.0,1.0,1.0,1.0,1.4142135623730951
SCN_006,212,7.0333,true,true,false,182.0,260.0,183.5,261.0,1.5,1.0,1.5,1.0,1.8027756377319946
SCN_006,213,7.0667,true,true,false,181.0,259.0,182.5,261.0,1.5,2.0,1.5,2.0,2.5
SCN_006,214,7.1,true,true,false,181.0,258.0,182.0,258.5,1.0,0.5,1.0,0.5,1.118033988749895
SCN_006,215,7.1333,true,true,false,181.0,256.0,182.5,257.0,1.5,1.0,1.5,1.0,1.8027756377319946
SCN_006,216,7.1667,true,true,false,181.0,255.0,181.0,257.5,0.0,2.5,0.0,2.5,2.5
SCN_006,217,7.2,true,true,false,181.0,253.0,182.0,253.5,1.0,0.5,1.0,0.5,1.118033988749895
SCN_006,218,7.2333,true,true,false,180.0,252.0,180.5,253.0,0.5,1.0,0.5,1.0,1.118033988749895
SCN_006,219,7.2667,true,true,false,180.0,250.0,182.5,251.0,2.5,1.0,2.5,1.0,2.692582403567252
SCN_006,220,7.3,true,true,false,180.0,249.0,180.5,249.5,0.5,0.5,0.5,0.5,0.7071067811865476
SCN_006,221,7.3333,true,true,false,180.0,247.0,181.5,248.0,1.5,1.0,1.5,1.0,1.8027756377319946
SCN_006,222,7.3667,true,true,false,180.0,246.0,181.0,247.0,1.0,1.0,1.0,1.0,1.4142135623730951
SCN_006,223,7.4,true,true,false,180.0,244.0,180.5,245.0,0.5,1.0,0.5,1.0,1.118033988749895
SCN_006,224,7.4333,true,true,false,180.0,243.0,181.0,244.0,1.0,1.0,1.0,1.0,1.4142135623730951
SCN_006,225,7.4667,true,true,false,180.0,241.0,181.0,242.0,1.0,1.0,1.0,1.0,1.4142135623730951
SCN_006,226,7.5,true,true,false,180.0,240.0,181.0,240.0,1.0,0.0,1.0,0.0,1.0
SCN_006,227,7.5333,true,true,false,180.0,239.0,181.0,240.0,1.0,1.0,1.0,1.0,1.4142135623730951
SCN_006,228,7.5667,true,true,false,180.0,237.0,180.5,238.0,0.5,1.0,0.5,1.0,1.118033988749895
SCN_006,229,7.6,true,true,false,180.0,236.0,179.0,237.0,-1.0,1.0,1.0,1.0,1.4142135623730951
SCN_006,230,7.6333,true,false,false,180.0,234.0,,,,,,,
SCN_006,231,7.6667,true,true,false,180.0,233.0,180.5,233.5,0.5,0.5,0.5,0.5,0.7071067811865476
SCN_006,232,7.7,true,false,false,180.0,231.0,,,,,,,
SCN_006,233,7.7333,true,true,false,180.0,230.0,180.5,230.5,0.5,0.5,0.5,0.5,0.7071067811865476
SCN_006,234,7.7667,true,true,false,180.0,228.0,180.5,229.0,0.5,1.0,0.5,1.0,1.118033988749895
SCN_006,235,7.8,true,true,false,181.0,227.0,182.0,229.0,1.0,2.0,1.0,2.0,2.23606797749979
SCN_006,236,7.8333,true,true,false,181.0,225.0,181.5,226.0,0.5,1.0,0.5,1.0,1.118033988749895
SCN_006,237,7.8667,true,true,false,181.0,224.0,182.5,226.0,1.5,2.0,1.5,2.0,2.5
SCN_006,238,7.9,true,true,false,181.0,222.0,182.0,222.5,1.0,0.5,1.0,0.5,1.118033988749895
SCN_006,239,7.9333,true,true,false,181.0,221.0,182.5,221.5,1.5,0.5,1.5,0.5,1.5811388300841898
SCN_006,240,7.9667,true,true,false,181.0,220.0,182.5,221.0,1.5,1.0,1.5,1.0,1.8027756377319946
SCN_006,241,8.0,true,true,false,182.0,218.0,183.0,219.0,1.0,1.0,1.0,1.0,1.4142135623730951
SCN_006,242,8.0333,true,true,false,182.0,217.0,183.0,218.0,1.0,1.0,1.0,1.0,1.4142135623730951
SCN_006,243,8.0667,true,true,false,182.0,215.0,183.0,216.5,1.0,1.5,1.0,1.5,1.8027756377319946
SCN_006,244,8.1,true,true,false,182.0,214.0,184.0,215.0,2.0,1.0,2.0,1.0,2.23606797749979
SCN_006,245,8.1333,true,true,false,183.0,212.0,184.0,212.0,1.0,0.0,1.0,0.0,1.0
SCN_006,246,8.1667,true,false,false,183.0,211.0,,,,,,,
SCN_006,247,8.2,true,true,false,183.0,209.0,184.0,210.0,1.0,1.0,1.0,1.0,1.4142135623730951
SCN_006,248,8.2333,true,true,false,184.0,208.0,184.5,209.5,0.5,1.5,0.5,1.5,1.5811388300841898
SCN_006,249,8.2667,true,true,false,184.0,207.0,184.0,208.5,0.0,1.5,0.0,1.5,1.5
SCN_006,250,8.3,true,true,false,184.0,205.0,185.0,206.0,1.0,1.0,1.0,1.0,1.4142135623730951
SCN_006,251,8.3333,true,true,false,185.0,204.0,186.0,205.5,1.0,1.5,1.0,1.5,1.8027756377319946
SCN_006,252,8.3667,true,true,false,185.0,202.0,186.0,202.0,1.0,0.0,1.0,0.0,1.0
SCN_006,253,8.4,true,true,false,186.0,201.0,187.0,202.0,1.0,1.0,1.0,1.0,1.4142135623730951
SCN_006,254,8.4333,true,true,false,186.0,200.0,187.0,201.5,1.0,1.5,1.0,1.5,1.8027756377319946
SCN_006,255,8.4667,true,false,false,186.0,198.0,,,,,,,
SCN_006,256,8.5,true,true,false,187.0,197.0,188.0,198.0,1.0,1.0,1.0,1.0,1.4142135623730951
SCN_006,257,8.5333,true,true,false,187.0,195.0,187.5,196.0,0.5,1.0,0.5,1.0,1.118033988749895
SCN_006,258,8.5667,true,true,false,188.0,194.0,189.5,195.5,1.5,1.5,1.5,1.5,2.1213203435596424
SCN_006,259,8.6,true,true,false,188.0,193.0,189.0,194.0,1.0,1.0,1.0,1.0,1.4142135623730951
SCN_006,260,8.6333,true,true,false,189.0,191.0,190.5,192.0,1.5,1.0,1.5,1.0,1.8027756377319946
SCN_006,261,8.6667,true,true,false,189.0,190.0,190.0,190.0,1.0,0.0,1.0,0.0,1.0
SCN_006,262,8.7,true,true,false,190.0,188.0,192.0,189.5,2.0,1.5,2.0,1.5,2.5
SCN_006,263,8.7333,true,true,false,190.0,187.0,190.0,189.0,0.0,2.0,0.0,2.0,2.0
SCN_006,264,8.7667,true,true,false,191.0,186.0,194.5,186.0,3.5,0.0,3.5,0.0,3.5
SCN_006,265,8.8,true,true,false,192.0,184.0,193.0,185.0,1.0,1.0,1.0,1.0,1.4142135623730951
SCN_006,266,8.8333,true,true,false,192.0,183.0,193.5,184.0,1.5,1.0,1.5,1.0,1.8027756377319946
SCN_006,267,8.8667,true,false,false,193.0,182.0,,,,,,,
SCN_006,268,8.9,true,true,false,193.0,180.0,194.0,181.0,1.0,1.0,1.0,1.0,1.4142135623730951
SCN_006,269,8.9333,true,true,false,194.0,179.0,195.0,179.5,1.0,0.5,1.0,0.5,1.118033988749895
SCN_006,270,8.9667,true,true,false,195.0,178.0,196.5,178.0,1.5,0.0,1.5,0.0,1.5
SCN_006,271,9.0,true,true,false,195.0,176.0,196.0,177.5,1.0,1.5,1.0,1.5,1.8027756377319946
SCN_006,272,9.0333,true,true,false,196.0,175.0,196.5,176.0,0.5,1.0,0.5,1.0,1.118033988749895
SCN_006,273,9.0667,true,true,false,197.0,174.0,198.0,174.0,1.0,0.0,1.0,0.0,1.0
SCN_006,274,9.1,true,true,false,197.0,173.0,198.0,174.0,1.0,1.0,1.0,1.0,1.4142135623730951
SCN_006,275,9.1333,true,true,false,198.0,171.0,199.0,171.5,1.0,0.5,1.0,0.5,1.118033988749895
SCN_006,276,9.1667,true,true,false,199.0,170.0,200.0,171.0,1.0,1.0,1.0,1.0,1.4142135623730951
SCN_006,277,9.2,true,true,false,199.0,169.0,200.0,169.5,1.0,0.5,1.0,0.5,1.118033988749895
SCN_006,278,9.2333,true,true,false,200.0,167.0,201.0,168.0,1.0,1.0,1.0,1.0,1.4142135623730951
SCN_006,279,9.2667,true,true,false,201.0,166.0,202.5,167.5,1.5,1.5,1.5,1.5,2.1213203435596424
SCN_006,280,9.3,true,true,false,202.0,165.0,203.0,165.5,1.0,0.5,1.0,0.5,1.118033988749895
SCN_006,281,9.3333,true,true,false,203.0,164.0,85.0,452.5,-118.0,288.5,118.0,288.5,311.69897337014123
SCN_006,282,9.3667,true,true,false,203.0,163.0,204.5,162.5,1.5,-0.5,1.5,0.5,1.5811388300841898
SCN_006,283,9.4,true,true,false,204.0,161.0,206.5,162.0,2.5,1.0,2.5,1.0,2.692582403567252
SCN_006,284,9.4333,true,true,false,205.0,160.0,206.5,161.0,1.5,1.0,1.5,1.0,1.8027756377319946
SCN_006,285,9.4667,true,true,false,206.0,159.0,207.0,158.0,1.0,-1.0,1.0,1.0,1.4142135623730951
SCN_006,286,9.5,true,true,false,207.0,158.0,208.0,159.0,1.0,1.0,1.0,1.0,1.4142135623730951
SCN_006,287,9.5333,true,true,false,208.0,157.0,208.5,158.0,0.5,1.0,0.5,1.0,1.118033988749895
SCN_006,288,9.5667,true,true,false,208.0,155.0,209.0,155.5,1.0,0.5,1.0,0.5,1.118033988749895
SCN_006,289,9.6,true,true,false,209.0,154.0,210.0,154.5,1.0,0.5,1.0,0.5,1.118033988749895
SCN_006,290,9.6333,true,true,false,210.0,153.0,211.0,154.0,1.0,1.0,1.0,1.0,1.4142135623730951
SCN_006,291,9.6667,true,true,false,211.0,152.0,213.0,153.5,2.0,1.5,2.0,1.5,2.5
SCN_006,292,9.7,true,true,false,212.0,151.0,213.0,152.0,1.0,1.0,1.0,1.0,1.4142135623730951
SCN_006,293,9.7333,true,true,false,213.0,150.0,214.0,150.5,1.0,0.5,1.0,0.5,1.118033988749895
SCN_006,294,9.7667,true,true,false,214.0,149.0,215.0,150.0,1.0,1.0,1.0,1.0,1.4142135623730951
SCN_006,295,9.8,true,true,false,215.0,147.0,216.0,148.5,1.0,1.5,1.0,1.5,1.8027756377319946
SCN_006,296,9.8333,true,true,false,216.0,146.0,219.0,147.5,3.0,1.5,3.0,1.5,3.3541019662496847
SCN_006,297,9.8667,true,true,false,217.0,145.0,216.5,146.5,-0.5,1.5,0.5,1.5,1.5811388300841898
SCN_006,298,9.9,true,true,false,218.0,144.0,218.0,144.5,0.0,0.5,0.0,0.5,0.5
SCN_006,299,9.9333,true,true,false,219.0,143.0,219.0,144.0,0.0,1.0,0.0,1.0,1.0
SCN_006,300,9.9667,true,true,false,220.0,142.0,223.0,143.0,3.0,1.0,3.0,1.0,3.1622776601683795
SCN_006,301,10.0,true,true,false,221.0,141.0,222.0,142.0,1.0,1.0,1.0,1.0,1.4142135623730951
SCN_006,302,10.0333,true,true,false,222.0,140.0,223.0,141.0,1.0,1.0,1.0,1.0,1.4142135623730951
SCN_006,303,10.0667,true,true,false,223.0,139.0,224.0,140.0,1.0,1.0,1.0,1.0,1.4142135623730951
SCN_006,304,10.1,true,true,false,224.0,138.0,226.0,139.0,2.0,1.0,2.0,1.0,2.23606797749979
SCN_006,305,10.1333,true,true,false,225.0,137.0,226.0,137.5,1.0,0.5,1.0,0.5,1.118033988749895
SCN_006,306,10.1667,true,true,false,226.0,136.0,227.0,136.5,1.0,0.5,1.0,0.5,1.118033988749895
SCN_006,307,10.2,true,true,false,227.0,135.0,228.0,136.0,1.0,1.0,1.0,1.0,1.4142135623730951
SCN_006,308,10.2333,true,true,false,229.0,134.0,230.0,135.0,1.0,1.0,1.0,1.0,1.4142135623730951
SCN_006,309,10.2667,true,true,false,230.0,133.0,231.5,134.5,1.5,1.5,1.5,1.5,2.1213203435596424
SCN_006,310,10.3,true,true,false,231.0,132.0,232.0,134.5,1.0,2.5,1.0,2.5,2.692582403567252
SCN_006,311,10.3333,true,true,false,232.0,131.0,233.0,132.0,1.0,1.0,1.0,1.0,1.4142135623730951
SCN_006,312,10.3667,true,true,false,233.0,130.0,235.5,131.0,2.5,1.0,2.5,1.0,2.692582403567252
SCN_006,313,10.4,true,true,false,234.0,129.0,234.5,129.5,0.5,0.5,0.5,0.5,0.7071067811865476
SCN_006,314,10.4333,true,true,false,235.0,129.0,235.5,130.5,0.5,1.5,0.5,1.5,1.5811388300841898
SCN_006,315,10.4667,true,true,false,237.0,128.0,238.0,128.5,1.0,0.5,1.0,0.5,1.118033988749895
SCN_006,316,10.5,true,true,false,238.0,127.0,239.0,127.5,1.0,0.5,1.0,0.5,1.118033988749895
SCN_006,317,10.5333,true,true,false,239.0,126.0,604.0,390.5,365.0,264.5,365.0,264.5,450.7607458508338
SCN_006,318,10.5667,true,true,false,240.0,125.0,241.0,126.5,1.0,1.5,1.0,1.5,1.8027756377319946
SCN_006,319,10.6,true,true,false,241.0,124.0,242.0,125.0,1.0,1.0,1.0,1.0,1.4142135623730951
SCN_006,320,10.6333,true,true,false,243.0,123.0,244.0,125.0,1.0,2.0,1.0,2.0,2.23606797749979
SCN_006,321,10.6667,true,true,false,244.0,123.0,245.0,124.0,1.0,1.0,1.0,1.0,1.4142135623730951
SCN_006,322,10.7,true,true,false,245.0,122.0,246.5,123.5,1.5,1.5,1.5,1.5,2.1213203435596424
SCN_006,323,10.7333,true,true,false,246.0,121.0,247.0,122.0,1.0,1.0,1.0,1.0,1.4142135623730951
SCN_006,324,10.7667,true,false,false,247.0,120.0,,,,,,,
SCN_006,325,10.8,true,true,false,249.0,120.0,249.5,121.0,0.5,1.0,0.5,1.0,1.118033988749895
SCN_006,326,10.8333,true,true,false,250.0,119.0,251.0,120.0,1.0,1.0,1.0,1.0,1.4142135623730951
SCN_006,327,10.8667,true,true,false,251.0,118.0,252.0,119.5,1.0,1.5,1.0,1.5,1.8027756377319946
SCN_006,328,10.9,true,true,false,253.0,117.0,254.5,117.5,1.5,0.5,1.5,0.5,1.5811388300841898
SCN_006,329,10.9333,true,true,false,254.0,117.0,255.0,118.0,1.0,1.0,1.0,1.0,1.4142135623730951
SCN_006,330,10.9667,true,true,false,255.0,116.0,256.5,117.0,1.5,1.0,1.5,1.0,1.8027756377319946
SCN_006,331,11.0,true,true,false,256.0,115.0,257.5,115.5,1.5,0.5,1.5,0.5,1.5811388300841898
SCN_006,332,11.0333,true,true,false,258.0,115.0,259.0,116.5,1.0,1.5,1.0,1.5,1.8027756377319946
SCN_006,333,11.0667,true,true,false,259.0,114.0,260.0,114.5,1.0,0.5,1.0,0.5,1.118033988749895
SCN_006,334,11.1,true,true,false,260.0,113.0,261.0,114.0,1.0,1.0,1.0,1.0,1.4142135623730951
SCN_006,335,11.1333,true,true,false,262.0,113.0,263.5,113.5,1.5,0.5,1.5,0.5,1.5811388300841898
SCN_006,336,11.1667,true,true,false,263.0,112.0,266.0,113.0,3.0,1.0,3.0,1.0,3.1622776601683795
SCN_006,337,11.2,true,false,false,264.0,112.0,,,,,,,
SCN_006,338,11.2333,true,true,false,266.0,111.0,267.0,112.0,1.0,1.0,1.0,1.0,1.4142135623730951
SCN_006,339,11.2667,true,true,false,267.0,110.0,268.0,111.0,1.0,1.0,1.0,1.0,1.4142135623730951
SCN_006,340,11.3,true,true,false,268.0,110.0,269.0,110.5,1.0,0.5,1.0,0.5,1.118033988749895
SCN_006,341,11.3333,true,true,false,270.0,109.0,271.0,110.0,1.0,1.0,1.0,1.0,1.4142135623730951
SCN_006,342,11.3667,true,true,false,271.0,109.0,274.0,109.5,3.0,0.5,3.0,0.5,3.0413812651491097
SCN_006,343,11.4,true,true,false,273.0,108.0,273.5,109.0,0.5,1.0,0.5,1.0,1.118033988749895
SCN_006,344,11.4333,true,true,false,274.0,108.0,275.0,109.0,1.0,1.0,1.0,1.0,1.4142135623730951
SCN_006,345,11.4667,true,true,false,275.0,107.0,276.0,107.5,1.0,0.5,1.0,0.5,1.118033988749895
SCN_006,346,11.5,true,true,false,277.0,107.0,277.0,107.5,0.0,0.5,0.0,0.5,0.5
SCN_006,347,11.5333,true,true,false,278.0,106.0,278.5,107.0,0.5,1.0,0.5,1.0,1.118033988749895
SCN_006,348,11.5667,true,true,false,280.0,106.0,281.5,107.0,1.5,1.0,1.5,1.0,1.8027756377319946
SCN_006,349,11.6,true,true,false,281.0,106.0,282.0,107.0,1.0,1.0,1.0,1.0,1.4142135623730951
SCN_006,350,11.6333,true,true,false,282.0,105.0,283.5,105.5,1.5,0.5,1.5,0.5,1.5811388300841898
SCN_006,351,11.6667,true,true,false,284.0,105.0,284.5,106.0,0.5,1.0,0.5,1.0,1.118033988749895
SCN_006,352,11.7,true,true,false,285.0,104.0,286.0,104.5,1.0,0.5,1.0,0.5,1.118033988749895
SCN_006,353,11.7333,true,true,false,287.0,104.0,288.0,105.0,1.0,1.0,1.0,1.0,1.4142135623730951
SCN_006,354,11.7667,true,true,false,288.0,104.0,289.0,105.0,1.0,1.0,1.0,1.0,1.4142135623730951
SCN_006,355,11.8,true,true,false,289.0,103.0,289.0,104.5,0.0,1.5,0.0,1.5,1.5
SCN_006,356,11.8333,true,true,false,291.0,103.0,291.5,104.5,0.5,1.5,0.5,1.5,1.5811388300841898
SCN_006,357,11.8667,true,true,false,292.0,103.0,293.5,104.0,1.5,1.0,1.5,1.0,1.8027756377319946
SCN_006,358,11.9,true,true,false,294.0,102.0,295.0,103.0,1.0,1.0,1.0,1.0,1.4142135623730951
SCN_006,359,11.9333,true,true,false,295.0,102.0,296.0,103.5,1.0,1.5,1.0,1.5,1.8027756377319946
SCN_006,360,11.9667,true,true,false,297.0,102.0,298.0,102.5,1.0,0.5,1.0,0.5,1.118033988749895
SCN_006,361,12.0,true,true,false,298.0,102.0,298.0,103.0,0.0,1.0,0.0,1.0,1.0
SCN_006,362,12.0333,true,true,false,300.0,102.0,300.5,103.5,0.5,1.5,0.5,1.5,1.5811388300841898
SCN_006,363,12.0667,true,true,false,301.0,101.0,302.0,102.5,1.0,1.5,1.0,1.5,1.8027756377319946
SCN_006,364,12.1,true,true,false,302.0,101.0,303.5,102.5,1.5,1.5,1.5,1.5,2.1213203435596424
SCN_006,365,12.1333,true,true,false,304.0,101.0,304.5,102.0,0.5,1.0,0.5,1.0,1.118033988749895
SCN_006,366,12.1667,true,true,false,305.0,101.0,306.0,103.0,1.0,2.0,1.0,2.0,2.23606797749979
SCN_006,367,12.2,true,true,false,307.0,101.0,308.0,101.5,1.0,0.5,1.0,0.5,1.118033988749895
SCN_006,368,12.2333,true,true,false,308.0,100.0,309.5,100.5,1.5,0.5,1.5,0.5,1.5811388300841898
SCN_006,369,12.2667,true,true,false,310.0,100.0,311.0,102.0,1.0,2.0,1.0,2.0,2.23606797749979
SCN_006,370,12.3,true,true,false,311.0,100.0,313.0,101.5,2.0,1.5,2.0,1.5,2.5
SCN_006,371,12.3333,true,true,false,313.0,100.0,314.0,101.0,1.0,1.0,1.0,1.0,1.4142135623730951
SCN_006,372,12.3667,true,true,false,314.0,100.0,315.5,101.0,1.5,1.0,1.5,1.0,1.8027756377319946
SCN_006,373,12.4,true,true,false,316.0,100.0,317.0,101.0,1.0,1.0,1.0,1.0,1.4142135623730951
SCN_006,374,12.4333,true,true,false,317.0,100.0,317.5,101.0,0.5,1.0,0.5,1.0,1.118033988749895
SCN_006,375,12.4667,true,true,false,319.0,100.0,320.0,101.0,1.0,1.0,1.0,1.0,1.4142135623730951
SCN_006,376,12.5,true,true,false,320.0,100.0,321.0,101.5,1.0,1.5,1.0,1.5,1.8027756377319946
SCN_006,377,12.5333,true,true,false,321.0,100.0,323.5,101.0,2.5,1.0,2.5,1.0,2.692582403567252
SCN_006,378,12.5667,true,true,false,323.0,100.0,324.0,101.0,1.0,1.0,1.0,1.0,1.4142135623730951
SCN_006,379,12.6,true,true,false,324.0,100.0,325.0,101.0,1.0,1.0,1.0,1.0,1.4142135623730951
SCN_006,380,12.6333,true,false,false,326.0,100.0,,,,,,,
SCN_006,381,12.6667,true,true,false,327.0,100.0,326.5,101.0,-0.5,1.0,0.5,1.0,1.118033988749895
SCN_006,382,12.7,true,true,false,329.0,100.0,329.5,101.0,0.5,1.0,0.5,1.0,1.118033988749895
SCN_006,383,12.7333,true,true,false,330.0,100.0,331.0,101.5,1.0,1.5,1.0,1.5,1.8027756377319946
SCN_006,384,12.7667,true,true,false,332.0,100.0,333.0,101.0,1.0,1.0,1.0,1.0,1.4142135623730951
SCN_006,385,12.8,true,true,false,333.0,101.0,334.5,102.5,1.5,1.5,1.5,1.5,2.1213203435596424
SCN_006,386,12.8333,true,true,false,335.0,101.0,335.0,102.0,0.0,1.0,0.0,1.0,1.0
SCN_006,387,12.8667,true,true,false,336.0,101.0,337.0,102.5,1.0,1.5,1.0,1.5,1.8027756377319946
SCN_006,388,12.9,true,true,false,338.0,101.0,339.0,102.0,1.0,1.0,1.0,1.0,1.4142135623730951
SCN_006,389,12.9333,true,true,false,339.0,101.0,340.0,102.0,1.0,1.0,1.0,1.0,1.4142135623730951
SCN_006,390,12.9667,true,true,false,340.0,101.0,341.0,102.5,1.0,1.5,1.0,1.5,1.8027756377319946
SCN_006,391,13.0,true,true,false,342.0,102.0,343.0,103.5,1.0,1.5,1.0,1.5,1.8027756377319946
SCN_006,392,13.0333,true,true,false,343.0,102.0,344.0,103.0,1.0,1.0,1.0,1.0,1.4142135623730951
SCN_006,393,13.0667,true,true,false,345.0,102.0,345.5,103.5,0.5,1.5,0.5,1.5,1.5811388300841898
SCN_006,394,13.1,true,true,false,346.0,102.0,347.5,103.5,1.5,1.5,1.5,1.5,2.1213203435596424
SCN_006,395,13.1333,true,true,false,348.0,103.0,348.5,104.5,0.5,1.5,0.5,1.5,1.5811388300841898
SCN_006,396,13.1667,true,true,false,349.0,103.0,349.5,104.0,0.5,1.0,0.5,1.0,1.118033988749895
SCN_006,397,13.2,true,true,false,351.0,103.0,352.5,104.0,1.5,1.0,1.5,1.0,1.8027756377319946
SCN_006,398,13.2333,true,true,false,352.0,104.0,352.5,104.5,0.5,0.5,0.5,0.5,0.7071067811865476
SCN_006,399,13.2667,true,true,false,353.0,104.0,355.5,105.5,2.5,1.5,2.5,1.5,2.9154759474226504
SCN_006,400,13.3,true,true,false,355.0,104.0,358.0,105.0,3.0,1.0,3.0,1.0,3.1622776601683795
SCN_006,401,13.3333,true,true,false,356.0,105.0,358.0,106.5,2.0,1.5,2.0,1.5,2.5
SCN_006,402,13.3667,true,true,false,358.0,105.0,359.5,106.5,1.5,1.5,1.5,1.5,2.1213203435596424
SCN_006,403,13.4,true,true,false,359.0,106.0,359.0,106.5,0.0,0.5,0.0,0.5,0.5
SCN_006,404,13.4333,true,true,false,360.0,106.0,360.5,107.0,0.5,1.0,0.5,1.0,1.118033988749895
SCN_006,405,13.4667,true,true,false,362.0,106.0,361.0,106.5,-1.0,0.5,1.0,0.5,1.118033988749895
SCN_006,406,13.5,true,true,false,363.0,107.0,364.0,108.0,1.0,1.0,1.0,1.0,1.4142135623730951
SCN_006,407,13.5333,true,true,false,365.0,107.0,366.0,108.0,1.0,1.0,1.0,1.0,1.4142135623730951
SCN_006,408,13.5667,true,true,false,366.0,108.0,367.0,109.0,1.0,1.0,1.0,1.0,1.4142135623730951
SCN_006,409,13.6,true,true,false,367.0,108.0,368.0,108.0,1.0,0.0,1.0,0.0,1.0
SCN_006,410,13.6333,true,true,false,369.0,109.0,370.0,110.5,1.0,1.5,1.0,1.5,1.8027756377319946
SCN_006,411,13.6667,true,true,false,370.0,109.0,371.0,110.0,1.0,1.0,1.0,1.0,1.4142135623730951
SCN_006,412,13.7,true,true,false,372.0,110.0,373.0,111.0,1.0,1.0,1.0,1.0,1.4142135623730951
SCN_006,413,13.7333,true,true,false,373.0,110.0,374.0,111.0,1.0,1.0,1.0,1.0,1.4142135623730951
SCN_006,414,13.7667,true,true,false,374.0,111.0,373.5,112.0,-0.5,1.0,0.5,1.0,1.118033988749895
SCN_006,415,13.8,true,true,false,376.0,112.0,379.0,112.5,3.0,0.5,3.0,0.5,3.0413812651491097
SCN_006,416,13.8333,true,true,false,377.0,112.0,377.5,113.0,0.5,1.0,0.5,1.0,1.118033988749895
SCN_006,417,13.8667,true,true,false,378.0,113.0,379.5,114.0,1.5,1.0,1.5,1.0,1.8027756377319946
SCN_006,418,13.9,true,true,false,380.0,113.0,381.0,114.0,1.0,1.0,1.0,1.0,1.4142135623730951
SCN_006,419,13.9333,true,true,false,381.0,114.0,382.5,115.0,1.5,1.0,1.5,1.0,1.8027756377319946
SCN_006,420,13.9667,true,true,false,382.0,115.0,385.0,116.0,3.0,1.0,3.0,1.0,3.1622776601683795
SCN_006,421,14.0,true,true,false,384.0,115.0,385.0,116.5,1.0,1.5,1.0,1.5,1.8027756377319946
SCN_006,422,14.0333,true,true,false,385.0,116.0,386.0,117.0,1.0,1.0,1.0,1.0,1.4142135623730951
SCN_006,423,14.0667,true,true,false,386.0,117.0,385.5,118.5,-0.5,1.5,0.5,1.5,1.5811388300841898
SCN_006,424,14.1,true,true,false,387.0,117.0,388.0,118.0,1.0,1.0,1.0,1.0,1.4142135623730951
SCN_006,425,14.1333,true,true,false,389.0,118.0,389.5,119.0,0.5,1.0,0.5,1.0,1.118033988749895
SCN_006,426,14.1667,true,true,false,390.0,119.0,391.0,120.0,1.0,1.0,1.0,1.0,1.4142135623730951
SCN_006,427,14.2,true,true,false,391.0,119.0,392.5,120.0,1.5,1.0,1.5,1.0,1.8027756377319946
SCN_006,428,14.2333,true,true,false,392.0,120.0,393.0,121.5,1.0,1.5,1.0,1.5,1.8027756377319946
SCN_006,429,14.2667,true,true,false,394.0,121.0,395.0,122.0,1.0,1.0,1.0,1.0,1.4142135623730951
SCN_006,430,14.3,true,true,false,395.0,122.0,397.0,123.5,2.0,1.5,2.0,1.5,2.5
SCN_006,431,14.3333,true,true,false,396.0,123.0,397.0,123.0,1.0,0.0,1.0,0.0,1.0
SCN_006,432,14.3667,true,true,false,397.0,123.0,398.0,124.0,1.0,1.0,1.0,1.0,1.4142135623730951
SCN_006,433,14.4,true,true,false,399.0,124.0,400.0,125.0,1.0,1.0,1.0,1.0,1.4142135623730951
SCN_006,434,14.4333,true,true,false,400.0,125.0,401.5,127.0,1.5,2.0,1.5,2.0,2.5
SCN_006,435,14.4667,true,true,false,401.0,126.0,402.0,127.5,1.0,1.5,1.0,1.5,1.8027756377319946
SCN_006,436,14.5,true,true,false,402.0,127.0,405.0,128.5,3.0,1.5,3.0,1.5,3.3541019662496847
SCN_006,437,14.5333,true,true,false,403.0,128.0,404.0,128.5,1.0,0.5,1.0,0.5,1.118033988749895
SCN_006,438,14.5667,true,true,false,405.0,128.0,406.0,129.0,1.0,1.0,1.0,1.0,1.4142135623730951
SCN_006,439,14.6,true,true,false,406.0,129.0,401.5,1.5,-4.5,-127.5,4.5,127.5,127.57938704978952
SCN_006,440,14.6333,true,true,false,407.0,130.0,408.0,130.0,1.0,0.0,1.0,0.0,1.0
SCN_006,441,14.6667,true,true,false,408.0,131.0,409.0,133.0,1.0,2.0,1.0,2.0,2.23606797749979
SCN_006,442,14.7,true,true,false,409.0,132.0,412.0,132.5,3.0,0.5,3.0,0.5,3.0413812651491097
SCN_006,443,14.7333,true,true,false,410.0,133.0,411.0,134.0,1.0,1.0,1.0,1.0,1.4142135623730951
SCN_006,444,14.7667,true,true,false,411.0,134.0,411.5,135.0,0.5,1.0,0.5,1.0,1.118033988749895
SCN_006,445,14.8,true,true,false,413.0,135.0,413.5,136.5,0.5,1.5,0.5,1.5,1.5811388300841898
SCN_006,446,14.8333,true,true,false,414.0,136.0,415.0,137.0,1.0,1.0,1.0,1.0,1.4142135623730951
SCN_006,447,14.8667,true,true,false,415.0,137.0,416.0,138.0,1.0,1.0,1.0,1.0,1.4142135623730951
SCN_006,448,14.9,true,true,false,416.0,138.0,417.0,139.0,1.0,1.0,1.0,1.0,1.4142135623730951
SCN_006,449,14.9333,true,true,false,417.0,139.0,418.0,140.0,1.0,1.0,1.0,1.0,1.4142135623730951
SCN_006,450,14.9667,true,true,false,418.0,140.0,420.5,142.5,2.5,2.5,2.5,2.5,3.5355339059327378
SCN_006,451,15.0,true,true,false,419.0,141.0,420.5,141.5,1.5,0.5,1.5,0.5,1.5811388300841898
SCN_006,452,15.0333,true,true,false,420.0,142.0,420.5,143.0,0.5,1.0,0.5,1.0,1.118033988749895
SCN_006,453,15.0667,true,true,false,421.0,143.0,421.5,144.0,0.5,1.0,0.5,1.0,1.118033988749895
SCN_006,454,15.1,true,true,false,422.0,144.0,423.5,145.0,1.5,1.0,1.5,1.0,1.8027756377319946
SCN_006,455,15.1333,true,true,false,423.0,145.0,424.0,146.5,1.0,1.5,1.0,1.5,1.8027756377319946
SCN_006,456,15.1667,true,true,false,424.0,146.0,425.0,147.0,1.0,1.0,1.0,1.0,1.4142135623730951
SCN_006,457,15.2,true,true,false,425.0,147.0,426.5,148.0,1.5,1.0,1.5,1.0,1.8027756377319946
SCN_006,458,15.2333,true,true,false,426.0,148.0,426.5,148.5,0.5,0.5,0.5,0.5,0.7071067811865476
SCN_006,459,15.2667,true,true,false,427.0,150.0,428.0,151.0,1.0,1.0,1.0,1.0,1.4142135623730951
SCN_006,460,15.3,true,true,false,428.0,151.0,430.5,152.0,2.5,1.0,2.5,1.0,2.692582403567252
SCN_006,461,15.3333,true,true,false,429.0,152.0,430.5,153.0,1.5,1.0,1.5,1.0,1.8027756377319946
SCN_006,462,15.3667,true,true,false,430.0,153.0,430.0,155.0,0.0,2.0,0.0,2.0,2.0
SCN_006,463,15.4,true,true,false,431.0,154.0,431.5,156.5,0.5,2.5,0.5,2.5,2.5495097567963922
SCN_006,464,15.4333,true,true,false,431.0,155.0,432.5,156.5,1.5,1.5,1.5,1.5,2.1213203435596424
SCN_006,465,15.4667,true,true,false,432.0,156.0,433.0,157.0,1.0,1.0,1.0,1.0,1.4142135623730951
SCN_006,466,15.5,true,true,false,433.0,158.0,434.0,159.0,1.0,1.0,1.0,1.0,1.4142135623730951
SCN_006,467,15.5333,true,true,false,434.0,159.0,435.0,160.0,1.0,1.0,1.0,1.0,1.4142135623730951
SCN_006,468,15.5667,true,true,false,435.0,160.0,436.0,161.0,1.0,1.0,1.0,1.0,1.4142135623730951
SCN_006,469,15.6,true,true,false,436.0,161.0,437.0,162.5,1.0,1.5,1.0,1.5,1.8027756377319946
SCN_006,470,15.6333,true,true,false,437.0,162.0,438.5,163.0,1.5,1.0,1.5,1.0,1.8027756377319946
SCN_006,471,15.6667,true,true,false,437.0,164.0,437.5,165.0,0.5,1.0,0.5,1.0,1.118033988749895
SCN_006,472,15.7,true,true,false,438.0,165.0,439.5,166.0,1.5,1.0,1.5,1.0,1.8027756377319946
SCN_006,473,15.7333,true,true,false,439.0,166.0,440.5,168.0,1.5,2.0,1.5,2.0,2.5
SCN_006,474,15.7667,true,true,false,440.0,167.0,441.0,168.0,1.0,1.0,1.0,1.0,1.4142135623730951
SCN_006,475,15.8,true,true,false,440.0,169.0,441.5,170.5,1.5,1.5,1.5,1.5,2.1213203435596424
SCN_006,476,15.8333,true,true,false,441.0,170.0,442.0,171.0,1.0,1.0,1.0,1.0,1.4142135623730951
SCN_006,477,15.8667,true,true,false,442.0,171.0,442.5,172.0,0.5,1.0,0.5,1.0,1.118033988749895
SCN_006,478,15.9,true,true,false,443.0,173.0,444.5,174.0,1.5,1.0,1.5,1.0,1.8027756377319946
SCN_006,479,15.9333,true,true,false,443.0,174.0,445.0,177.0,2.0,3.0,2.0,3.0,3.605551275463989
SCN_006,480,15.9667,true,true,false,444.0,175.0,445.5,176.5,1.5,1.5,1.5,1.5,2.1213203435596424
SCN_006,481,16.0,true,true,false,445.0,176.0,446.0,177.0,1.0,1.0,1.0,1.0,1.4142135623730951
SCN_006,482,16.0333,true,true,false,445.0,178.0,447.0,178.0,2.0,0.0,2.0,0.0,2.0
SCN_006,483,16.0667,true,true,false,446.0,179.0,445.5,180.5,-0.5,1.5,0.5,1.5,1.5811388300841898
SCN_006,484,16.1,true,true,false,447.0,180.0,448.0,181.0,1.0,1.0,1.0,1.0,1.4142135623730951
SCN_006,485,16.1333,true,true,false,447.0,182.0,449.0,182.0,2.0,0.0,2.0,0.0,2.0
SCN_006,486,16.1667,true,true,false,448.0,183.0,451.5,184.0,3.5,1.0,3.5,1.0,3.640054944640259
SCN_006,487,16.2,true,true,false,448.0,184.0,449.0,185.0,1.0,1.0,1.0,1.0,1.4142135623730951
SCN_006,488,16.2333,true,true,false,449.0,186.0,450.5,189.5,1.5,3.5,1.5,3.5,3.8078865529319543
SCN_006,489,16.2667,true,true,false,450.0,187.0,451.0,188.5,1.0,1.5,1.0,1.5,1.8027756377319946
SCN_006,490,16.3,true,true,false,450.0,188.0,451.0,189.0,1.0,1.0,1.0,1.0,1.4142135623730951
SCN_006,491,16.3333,true,true,false,451.0,190.0,452.0,191.5,1.0,1.5,1.0,1.5,1.8027756377319946
SCN_006,492,16.3667,true,true,false,451.0,191.0,452.0,192.0,1.0,1.0,1.0,1.0,1.4142135623730951
SCN_006,493,16.4,true,true,false,452.0,193.0,453.0,195.0,1.0,2.0,1.0,2.0,2.23606797749979
SCN_006,494,16.4333,true,true,false,452.0,194.0,453.5,195.5,1.5,1.5,1.5,1.5,2.1213203435596424
SCN_006,495,16.4667,true,true,false,453.0,195.0,454.0,196.0,1.0,1.0,1.0,1.0,1.4142135623730951
SCN_006,496,16.5,true,true,false,453.0,197.0,454.5,198.0,1.5,1.0,1.5,1.0,1.8027756377319946
SCN_006,497,16.5333,true,true,false,454.0,198.0,455.0,199.0,1.0,1.0,1.0,1.0,1.4142135623730951
SCN_006,498,16.5667,true,true,false,454.0,199.0,454.5,200.0,0.5,1.0,0.5,1.0,1.118033988749895
SCN_006,499,16.6,true,true,false,454.0,201.0,455.0,202.5,1.0,1.5,1.0,1.5,1.8027756377319946
SCN_006,500,16.6333,true,true,false,455.0,202.0,456.0,203.0,1.0,1.0,1.0,1.0,1.4142135623730951
SCN_006,501,16.6667,true,true,false,455.0,204.0,455.0,203.5,0.0,-0.5,0.0,0.5,0.5
SCN_006,502,16.7,true,true,false,456.0,205.0,457.5,206.0,1.5,1.0,1.5,1.0,1.8027756377319946
SCN_006,503,16.7333,true,true,false,456.0,207.0,457.5,209.0,1.5,2.0,1.5,2.0,2.5
SCN_006,504,16.7667,true,true,false,456.0,208.0,457.0,208.5,1.0,0.5,1.0,0.5,1.118033988749895
SCN_006,505,16.8,true,true,false,457.0,209.0,457.5,210.5,0.5,1.5,0.5,1.5,1.5811388300841898
SCN_006,506,16.8333,true,true,false,457.0,211.0,457.5,211.5,0.5,0.5,0.5,0.5,0.7071067811865476
SCN_006,507,16.8667,true,true,false,457.0,212.0,460.5,215.0,3.5,3.0,3.5,3.0,4.6097722286464435
SCN_006,508,16.9,true,true,false,458.0,214.0,459.0,217.0,1.0,3.0,1.0,3.0,3.1622776601683795
SCN_006,509,16.9333,true,true,false,458.0,215.0,459.0,216.0,1.0,1.0,1.0,1.0,1.4142135623730951
SCN_006,510,16.9667,true,true,false,458.0,217.0,459.0,218.0,1.0,1.0,1.0,1.0,1.4142135623730951
SCN_006,511,17.0,true,true,false,458.0,218.0,458.5,219.0,0.5,1.0,0.5,1.0,1.118033988749895
SCN_006,512,17.0333,true,true,false,458.0,220.0,459.0,221.0,1.0,1.0,1.0,1.0,1.4142135623730951
SCN_006,513,17.0667,true,true,false,459.0,221.0,460.0,221.5,1.0,0.5,1.0,0.5,1.118033988749895
SCN_006,514,17.1,true,true,false,459.0,222.0,459.5,223.5,0.5,1.5,0.5,1.5,1.5811388300841898
SCN_006,515,17.1333,true,true,false,459.0,224.0,460.0,225.0,1.0,1.0,1.0,1.0,1.4142135623730951
SCN_006,516,17.1667,true,true,false,459.0,225.0,459.5,226.5,0.5,1.5,0.5,1.5,1.5811388300841898
SCN_006,517,17.2,true,true,false,459.0,227.0,460.0,228.0,1.0,1.0,1.0,1.0,1.4142135623730951
SCN_006,518,17.2333,true,true,false,460.0,228.0,460.5,229.0,0.5,1.0,0.5,1.0,1.118033988749895
SCN_006,519,17.2667,true,true,false,460.0,230.0,460.5,230.5,0.5,0.5,0.5,0.5,0.7071067811865476
SCN_006,520,17.3,true,true,false,460.0,231.0,460.5,232.0,0.5,1.0,0.5,1.0,1.118033988749895
SCN_006,521,17.3333,true,true,false,460.0,233.0,461.0,234.0,1.0,1.0,1.0,1.0,1.4142135623730951
SCN_006,522,17.3667,true,true,false,460.0,234.0,461.0,235.0,1.0,1.0,1.0,1.0,1.4142135623730951
SCN_006,523,17.4,true,true,false,460.0,236.0,462.0,236.5,2.0,0.5,2.0,0.5,2.0615528128088303
SCN_006,524,17.4333,true,true,false,460.0,237.0,461.0,238.0,1.0,1.0,1.0,1.0,1.4142135623730951
SCN_006,525,17.4667,true,true,false,460.0,238.0,461.0,238.0,1.0,0.0,1.0,0.0,1.0
SCN_006,526,17.5,true,true,false,460.0,240.0,461.5,241.0,1.5,1.0,1.5,1.0,1.8027756377319946
SCN_006,527,17.5333,true,true,false,460.0,241.0,461.0,242.0,1.0,1.0,1.0,1.0,1.4142135623730951
SCN_006,528,17.5667,true,true,false,460.0,243.0,460.5,244.0,0.5,1.0,0.5,1.0,1.118033988749895
SCN_006,529,17.6,true,true,false,460.0,244.0,460.0,245.5,0.0,1.5,0.0,1.5,1.5
SCN_006,530,17.6333,true,true,false,460.0,246.0,461.0,247.0,1.0,1.0,1.0,1.0,1.4142135623730951
SCN_006,531,17.6667,true,true,false,460.0,247.0,462.0,248.0,2.0,1.0,2.0,1.0,2.23606797749979
SCN_006,532,17.7,true,true,false,460.0,249.0,461.5,250.5,1.5,1.5,1.5,1.5,2.1213203435596424
SCN_006,533,17.7333,true,true,false,460.0,250.0,461.0,251.0,1.0,1.0,1.0,1.0,1.4142135623730951
SCN_006,534,17.7667,true,true,false,460.0,252.0,462.0,253.0,2.0,1.0,2.0,1.0,2.23606797749979
SCN_006,535,17.8,true,true,false,459.0,253.0,460.0,254.0,1.0,1.0,1.0,1.0,1.4142135623730951
SCN_006,536,17.8333,true,true,false,459.0,255.0,460.0,256.0,1.0,1.0,1.0,1.0,1.4142135623730951
SCN_006,537,17.8667,true,true,false,459.0,256.0,460.5,257.0,1.5,1.0,1.5,1.0,1.8027756377319946
SCN_006,538,17.9,true,true,false,459.0,258.0,460.0,259.0,1.0,1.0,1.0,1.0,1.4142135623730951
SCN_006,539,17.9333,true,true,false,459.0,259.0,458.5,260.0,-0.5,1.0,0.5,1.0,1.118033988749895
SCN_006,540,17.9667,true,true,false,459.0,260.0,460.0,261.0,1.0,1.0,1.0,1.0,1.4142135623730951
SCN_006,541,18.0,true,true,false,458.0,262.0,459.5,263.0,1.5,1.0,1.5,1.0,1.8027756377319946
SCN_006,542,18.0333,true,true,false,458.0,263.0,457.5,265.0,-0.5,2.0,0.5,2.0,2.0615528128088303
SCN_006,543,18.0667,true,true,false,458.0,265.0,459.5,266.0,1.5,1.0,1.5,1.0,1.8027756377319946
SCN_006,544,18.1,true,true,false,458.0,266.0,458.5,268.0,0.5,2.0,0.5,2.0,2.0615528128088303
SCN_006,545,18.1333,true,true,false,457.0,268.0,458.0,269.5,1.0,1.5,1.0,1.5,1.8027756377319946
SCN_006,546,18.1667,true,true,false,457.0,269.0,458.0,270.5,1.0,1.5,1.0,1.5,1.8027756377319946
SCN_006,547,18.2,true,true,false,457.0,270.0,458.0,271.0,1.0,1.0,1.0,1.0,1.4142135623730951
SCN_006,548,18.2333,true,true,false,456.0,272.0,456.0,273.0,0.0,1.0,0.0,1.0,1.0
SCN_006,549,18.2667,true,true,false,456.0,273.0,460.0,274.5,4.0,1.5,4.0,1.5,4.272001872658765
SCN_006,550,18.3,true,true,false,456.0,275.0,457.0,276.0,1.0,1.0,1.0,1.0,1.4142135623730951
SCN_006,551,18.3333,true,true,false,455.0,276.0,456.0,277.5,1.0,1.5,1.0,1.5,1.8027756377319946
SCN_006,552,18.3667,true,true,false,455.0,278.0,456.0,278.5,1.0,0.5,1.0,0.5,1.118033988749895
SCN_006,553,18.4,true,true,false,454.0,279.0,455.0,279.5,1.0,0.5,1.0,0.5,1.118033988749895
SCN_006,554,18.4333,true,true,false,454.0,280.0,455.5,281.0,1.5,1.0,1.5,1.0,1.8027756377319946
SCN_006,555,18.4667,true,true,false,454.0,282.0,454.0,283.0,0.0,1.0,0.0,1.0,1.0
SCN_006,556,18.5,true,true,false,453.0,283.0,454.0,284.0,1.0,1.0,1.0,1.0,1.4142135623730951
SCN_006,557,18.5333,true,true,false,453.0,285.0,454.0,286.5,1.0,1.5,1.0,1.5,1.8027756377319946
SCN_006,558,18.5667,true,true,false,452.0,286.0,453.0,286.5,1.0,0.5,1.0,0.5,1.118033988749895
SCN_006,559,18.6,true,true,false,452.0,287.0,453.0,288.5,1.0,1.5,1.0,1.5,1.8027756377319946
SCN_006,560,18.6333,true,true,false,451.0,289.0,452.0,290.0,1.0,1.0,1.0,1.0,1.4142135623730951
SCN_006,561,18.6667,true,true,false,451.0,290.0,453.0,291.0,2.0,1.0,2.0,1.0,2.23606797749979
SCN_006,562,18.7,true,true,false,450.0,291.0,451.5,292.0,1.5,1.0,1.5,1.0,1.8027756377319946
SCN_006,563,18.7333,true,false,false,450.0,293.0,,,,,,,
SCN_006,564,18.7667,true,true,false,449.0,294.0,450.0,294.0,1.0,0.0,1.0,0.0,1.0
SCN_006,565,18.8,true,true,false,449.0,296.0,450.0,297.0,1.0,1.0,1.0,1.0,1.4142135623730951
SCN_006,566,18.8333,true,true,false,448.0,297.0,449.0,298.0,1.0,1.0,1.0,1.0,1.4142135623730951
SCN_006,567,18.8667,true,true,false,447.0,298.0,448.0,300.0,1.0,2.0,1.0,2.0,2.23606797749979
SCN_006,568,18.9,true,true,false,447.0,300.0,448.5,301.0,1.5,1.0,1.5,1.0,1.8027756377319946
SCN_006,569,18.9333,true,true,false,446.0,301.0,447.0,302.5,1.0,1.5,1.0,1.5,1.8027756377319946
SCN_006,570,18.9667,true,true,false,445.0,302.0,446.0,303.0,1.0,1.0,1.0,1.0,1.4142135623730951
SCN_006,571,19.0,true,true,false,445.0,304.0,445.5,306.0,0.5,2.0,0.5,2.0,2.0615528128088303
SCN_006,572,19.0333,true,true,false,444.0,305.0,445.5,306.0,1.5,1.0,1.5,1.0,1.8027756377319946
SCN_006,573,19.0667,true,true,false,443.0,306.0,444.0,307.5,1.0,1.5,1.0,1.5,1.8027756377319946
SCN_006,574,19.1,true,true,false,443.0,307.0,443.0,308.0,0.0,1.0,0.0,1.0,1.0
SCN_006,575,19.1333,true,true,false,442.0,309.0,443.0,310.0,1.0,1.0,1.0,1.0,1.4142135623730951
SCN_006,576,19.1667,true,true,false,441.0,310.0,442.5,310.5,1.5,0.5,1.5,0.5,1.5811388300841898
SCN_006,577,19.2,true,true,false,441.0,311.0,442.0,312.0,1.0,1.0,1.0,1.0,1.4142135623730951
SCN_006,578,19.2333,true,true,false,440.0,312.0,441.5,312.5,1.5,0.5,1.5,0.5,1.5811388300841898
SCN_006,579,19.2667,true,true,false,439.0,314.0,439.5,315.0,0.5,1.0,0.5,1.0,1.118033988749895
SCN_006,580,19.3,true,true,false,438.0,315.0,438.5,316.0,0.5,1.0,0.5,1.0,1.118033988749895
SCN_006,581,19.3333,true,true,false,437.0,316.0,438.0,316.5,1.0,0.5,1.0,0.5,1.118033988749895
SCN_006,582,19.3667,true,true,false,437.0,317.0,438.5,317.5,1.5,0.5,1.5,0.5,1.5811388300841898
SCN_006,583,19.4,true,true,false,436.0,319.0,436.5,320.0,0.5,1.0,0.5,1.0,1.118033988749895
SCN_006,584,19.4333,true,true,false,435.0,320.0,436.5,321.0,1.5,1.0,1.5,1.0,1.8027756377319946
SCN_006,585,19.4667,true,false,false,434.0,321.0,,,,,,,
SCN_006,586,19.5,true,true,false,433.0,322.0,431.5,322.5,-1.5,0.5,1.5,0.5,1.5811388300841898
SCN_006,587,19.5333,true,true,false,432.0,323.0,433.0,324.0,1.0,1.0,1.0,1.0,1.4142135623730951
SCN_006,588,19.5667,true,true,false,432.0,325.0,433.5,326.0,1.5,1.0,1.5,1.0,1.8027756377319946
SCN_006,589,19.6,true,true,false,431.0,326.0,432.0,327.0,1.0,1.0,1.0,1.0,1.4142135623730951
SCN_006,590,19.6333,true,true,false,430.0,327.0,432.0,328.0,2.0,1.0,2.0,1.0,2.23606797749979
SCN_006,591,19.6667,true,true,false,429.0,328.0,430.0,329.0,1.0,1.0,1.0,1.0,1.4142135623730951
SCN_006,592,19.7,true,true,false,428.0,329.0,428.5,331.0,0.5,2.0,0.5,2.0,2.0615528128088303
SCN_006,593,19.7333,true,true,false,427.0,330.0,428.0,330.5,1.0,0.5,1.0,0.5,1.118033988749895
SCN_006,594,19.7667,true,true,false,426.0,331.0,427.0,332.0,1.0,1.0,1.0,1.0,1.4142135623730951
SCN_006,595,19.8,true,true,false,425.0,333.0,426.5,334.5,1.5,1.5,1.5,1.5,2.1213203435596424
SCN_006,596,19.8333,true,true,false,424.0,334.0,425.0,335.0,1.0,1.0,1.0,1.0,1.4142135623730951
SCN_006,597,19.8667,true,true,false,423.0,335.0,424.0,335.0,1.0,0.0,1.0,0.0,1.0
SCN_006,598,19.9,true,true,false,422.0,336.0,422.5,337.0,0.5,1.0,0.5,1.0,1.118033988749895
SCN_006,599,19.9333,true,true,false,421.0,337.0,422.0,338.0,1.0,1.0,1.0,1.0,1.4142135623730951
SCN_006,600,19.9667,true,true,false,420.0,338.0,421.0,339.0,1.0,1.0,1.0,1.0,1.4142135623730951
SCN_006,601,20.0,true,true,false,419.0,339.0,420.0,340.0,1.0,1.0,1.0,1.0,1.4142135623730951
SCN_006,602,20.0333,true,false,false,418.0,340.0,,,,,,,
SCN_006,603,20.0667,true,true,false,417.0,341.0,418.0,342.0,1.0,1.0,1.0,1.0,1.4142135623730951
SCN_006,604,20.1,true,true,false,416.0,342.0,417.0,343.0,1.0,1.0,1.0,1.0,1.4142135623730951
SCN_006,605,20.1333,true,true,false,415.0,343.0,416.0,344.0,1.0,1.0,1.0,1.0,1.4142135623730951
SCN_006,606,20.1667,true,true,false,414.0,344.0,416.0,345.0,2.0,1.0,2.0,1.0,2.23606797749979
SCN_006,607,20.2,true,true,false,413.0,345.0,414.0,346.0,1.0,1.0,1.0,1.0,1.4142135623730951
SCN_006,608,20.2333,true,true,false,412.0,346.0,413.0,347.0,1.0,1.0,1.0,1.0,1.4142135623730951
SCN_006,609,20.2667,true,true,false,410.0,347.0,411.0,348.0,1.0,1.0,1.0,1.0,1.4142135623730951
SCN_006,610,20.3,true,true,false,409.0,348.0,410.0,349.0,1.0,1.0,1.0,1.0,1.4142135623730951
SCN_006,611,20.3333,true,true,false,408.0,349.0,409.0,350.0,1.0,1.0,1.0,1.0,1.4142135623730951
SCN_006,612,20.3667,true,true,false,407.0,350.0,408.0,350.5,1.0,0.5,1.0,0.5,1.118033988749895
SCN_006,613,20.4,true,true,false,406.0,351.0,407.0,351.0,1.0,0.0,1.0,0.0,1.0
SCN_006,614,20.4333,true,true,false,405.0,351.0,405.5,350.5,0.5,-0.5,0.5,0.5,0.7071067811865476
SCN_006,615,20.4667,true,true,false,404.0,352.0,406.0,353.0,2.0,1.0,2.0,1.0,2.23606797749979
SCN_006,616,20.5,true,true,false,402.0,353.0,403.0,354.0,1.0,1.0,1.0,1.0,1.4142135623730951
SCN_006,617,20.5333,true,true,false,401.0,354.0,402.0,354.5,1.0,0.5,1.0,0.5,1.118033988749895
SCN_006,618,20.5667,true,true,false,400.0,355.0,401.0,356.0,1.0,1.0,1.0,1.0,1.4142135623730951
SCN_006,619,20.6,true,true,false,399.0,356.0,400.0,357.5,1.0,1.5,1.0,1.5,1.8027756377319946
SCN_006,620,20.6333,true,true,false,398.0,357.0,399.0,358.0,1.0,1.0,1.0,1.0,1.4142135623730951
SCN_006,621,20.6667,true,true,false,396.0,357.0,396.5,358.0,0.5,1.0,0.5,1.0,1.118033988749895
SCN_006,622,20.7,true,true,false,395.0,358.0,396.5,358.5,1.5,0.5,1.5,0.5,1.5811388300841898
SCN_006,623,20.7333,true,true,false,394.0,359.0,395.0,360.0,1.0,1.0,1.0,1.0,1.4142135623730951
SCN_006,624,20.7667,true,true,false,393.0,360.0,393.0,360.5,0.0,0.5,0.0,0.5,0.5
SCN_006,625,20.8,true,true,false,391.0,360.0,392.0,360.5,1.0,0.5,1.0,0.5,1.118033988749895
SCN_006,626,20.8333,true,true,false,390.0,361.0,391.0,362.0,1.0,1.0,1.0,1.0,1.4142135623730951
SCN_006,627,20.8667,true,true,false,389.0,362.0,390.0,363.5,1.0,1.5,1.0,1.5,1.8027756377319946
SCN_006,628,20.9,true,true,false,387.0,363.0,388.5,364.0,1.5,1.0,1.5,1.0,1.8027756377319946
SCN_006,629,20.9333,true,true,false,386.0,363.0,387.5,364.0,1.5,1.0,1.5,1.0,1.8027756377319946
SCN_006,630,20.9667,true,true,false,385.0,364.0,386.0,365.0,1.0,1.0,1.0,1.0,1.4142135623730951
SCN_006,631,21.0,true,true,false,384.0,365.0,385.0,367.0,1.0,2.0,1.0,2.0,2.23606797749979
SCN_006,632,21.0333,true,true,false,382.0,365.0,383.0,366.0,1.0,1.0,1.0,1.0,1.4142135623730951
SCN_006,633,21.0667,true,true,false,381.0,366.0,383.0,369.5,2.0,3.5,2.0,3.5,4.031128874149275
SCN_006,634,21.1,true,true,false,380.0,367.0,381.0,368.0,1.0,1.0,1.0,1.0,1.4142135623730951
SCN_006,635,21.1333,true,false,false,378.0,367.0,,,,,,,
SCN_006,636,21.1667,true,true,false,377.0,368.0,378.0,369.0,1.0,1.0,1.0,1.0,1.4142135623730951
SCN_006,637,21.2,true,true,false,376.0,368.0,377.5,368.0,1.5,0.0,1.5,0.0,1.5
SCN_006,638,21.2333,true,true,false,374.0,369.0,374.5,370.5,0.5,1.5,0.5,1.5,1.5811388300841898
SCN_006,639,21.2667,true,true,false,373.0,370.0,373.0,371.0,0.0,1.0,0.0,1.0,1.0
SCN_006,640,21.3,true,true,false,372.0,370.0,373.0,371.5,1.0,1.5,1.0,1.5,1.8027756377319946
SCN_006,641,21.3333,true,true,false,370.0,371.0,371.0,372.0,1.0,1.0,1.0,1.0,1.4142135623730951
SCN_006,642,21.3667,true,true,false,369.0,371.0,370.0,372.0,1.0,1.0,1.0,1.0,1.4142135623730951
SCN_006,643,21.4,true,true,false,367.0,372.0,368.0,373.0,1.0,1.0,1.0,1.0,1.4142135623730951
SCN_006,644,21.4333,true,true,false,366.0,372.0,367.0,373.0,1.0,1.0,1.0,1.0,1.4142135623730951
SCN_006,645,21.4667,true,true,false,365.0,373.0,366.5,374.0,1.5,1.0,1.5,1.0,1.8027756377319946
SCN_006,646,21.5,true,true,false,363.0,373.0,581.0,246.5,218.0,-126.5,218.0,126.5,252.0441429591253
SCN_006,647,21.5333,true,true,false,362.0,374.0,1.5,112.0,-360.5,-262.0,360.5,262.0,445.6503674406653
SCN_006,648,21.5667,true,true,false,361.0,374.0,361.5,375.5,0.5,1.5,0.5,1.5,1.5811388300841898
SCN_006,649,21.6,true,true,false,359.0,374.0,359.5,375.0,0.5,1.0,0.5,1.0,1.118033988749895
SCN_006,650,21.6333,true,true,false,358.0,375.0,359.0,375.5,1.0,0.5,1.0,0.5,1.118033988749895
SCN_006,651,21.6667,true,true,false,356.0,375.0,357.5,376.5,1.5,1.5,1.5,1.5,2.1213203435596424
SCN_006,652,21.7,true,true,false,355.0,376.0,356.0,378.0,1.0,2.0,1.0,2.0,2.23606797749979
SCN_006,653,21.7333,true,true,false,353.0,376.0,354.0,377.0,1.0,1.0,1.0,1.0,1.4142135623730951
SCN_006,654,21.7667,true,true,false,352.0,376.0,353.0,377.5,1.0,1.5,1.0,1.5,1.8027756377319946
SCN_006,655,21.8,true,true,false,351.0,377.0,352.0,378.0,1.0,1.0,1.0,1.0,1.4142135623730951
SCN_006,656,21.8333,true,true,false,349.0,377.0,349.5,378.0,0.5,1.0,0.5,1.0,1.118033988749895
SCN_006,657,21.8667,true,true,false,348.0,377.0,350.5,377.5,2.5,0.5,2.5,0.5,2.5495097567963922
SCN_006,658,21.9,true,true,false,346.0,378.0,347.0,378.5,1.0,0.5,1.0,0.5,1.118033988749895
SCN_006,659,21.9333,true,true,false,345.0,378.0,345.5,379.0,0.5,1.0,0.5,1.0,1.118033988749895
SCN_006,660,21.9667,true,true,false,343.0,378.0,344.5,378.5,1.5,0.5,1.5,0.5,1.5811388300841898
SCN_006,661,22.0,true,true,false,342.0,378.0,343.0,378.5,1.0,0.5,1.0,0.5,1.118033988749895
SCN_006,662,22.0333,true,true,false,341.0,378.0,342.0,379.0,1.0,1.0,1.0,1.0,1.4142135623730951
SCN_006,663,22.0667,true,true,false,339.0,379.0,339.5,380.0,0.5,1.0,0.5,1.0,1.118033988749895
SCN_006,664,22.1,true,true,false,338.0,379.0,339.5,380.0,1.5,1.0,1.5,1.0,1.8027756377319946
SCN_006,665,22.1333,true,true,false,336.0,379.0,337.0,380.0,1.0,1.0,1.0,1.0,1.4142135623730951
SCN_006,666,22.1667,true,true,false,335.0,379.0,335.5,380.0,0.5,1.0,0.5,1.0,1.118033988749895
SCN_006,667,22.2,true,true,false,333.0,379.0,335.0,379.0,2.0,0.0,2.0,0.0,2.0
SCN_006,668,22.2333,true,true,false,332.0,380.0,333.5,381.0,1.5,1.0,1.5,1.0,1.8027756377319946
SCN_006,669,22.2667,true,true,false,330.0,380.0,471.5,1.5,141.5,-378.5,141.5,378.5,404.08476833456615
SCN_006,670,22.3,true,true,false,329.0,380.0,330.0,383.0,1.0,3.0,1.0,3.0,3.1622776601683795
SCN_006,671,22.3333,true,true,false,327.0,380.0,327.5,381.0,0.5,1.0,0.5,1.0,1.118033988749895
SCN_006,672,22.3667,true,true,false,326.0,380.0,327.0,382.0,1.0,2.0,1.0,2.0,2.23606797749979
SCN_006,673,22.4,true,true,false,324.0,380.0,325.0,381.0,1.0,1.0,1.0,1.0,1.4142135623730951
SCN_006,674,22.4333,true,true,false,323.0,380.0,324.0,381.0,1.0,1.0,1.0,1.0,1.4142135623730951
SCN_006,675,22.4667,true,true,false,322.0,380.0,321.5,381.0,-0.5,1.0,0.5,1.0,1.118033988749895
SCN_006,676,22.5,true,true,false,320.0,380.0,320.5,380.5,0.5,0.5,0.5,0.5,0.7071067811865476
SCN_006,677,22.5333,true,true,false,319.0,380.0,319.5,381.5,0.5,1.5,0.5,1.5,1.5811388300841898
SCN_006,678,22.5667,true,true,false,317.0,380.0,318.5,381.5,1.5,1.5,1.5,1.5,2.1213203435596424
SCN_006,679,22.6,true,true,false,316.0,380.0,316.5,381.0,0.5,1.0,0.5,1.0,1.118033988749895
SCN_006,680,22.6333,true,true,false,314.0,380.0,315.0,381.0,1.0,1.0,1.0,1.0,1.4142135623730951
SCN_006,681,22.6667,true,true,false,313.0,380.0,314.0,381.0,1.0,1.0,1.0,1.0,1.4142135623730951
SCN_006,682,22.7,true,true,false,311.0,380.0,312.0,381.5,1.0,1.5,1.0,1.5,1.8027756377319946
SCN_006,683,22.7333,true,true,false,310.0,380.0,311.0,381.0,1.0,1.0,1.0,1.0,1.4142135623730951
SCN_006,684,22.7667,true,true,false,308.0,380.0,309.5,381.0,1.5,1.0,1.5,1.0,1.8027756377319946
SCN_006,685,22.8,true,true,false,307.0,379.0,307.5,380.0,0.5,1.0,0.5,1.0,1.118033988749895
SCN_006,686,22.8333,true,true,false,305.0,379.0,306.5,381.0,1.5,2.0,1.5,2.0,2.5
SCN_006,687,22.8667,true,true,false,304.0,379.0,305.5,379.5,1.5,0.5,1.5,0.5,1.5811388300841898
SCN_006,688,22.9,true,true,false,303.0,379.0,304.0,380.0,1.0,1.0,1.0,1.0,1.4142135623730951
SCN_006,689,22.9333,true,true,false,301.0,379.0,302.0,380.0,1.0,1.0,1.0,1.0,1.4142135623730951
SCN_006,690,22.9667,true,true,false,300.0,379.0,300.5,381.0,0.5,2.0,0.5,2.0,2.0615528128088303
SCN_006,691,23.0,true,true,false,298.0,378.0,299.0,379.0,1.0,1.0,1.0,1.0,1.4142135623730951
SCN_006,692,23.0333,true,true,false,297.0,378.0,298.5,378.5,1.5,0.5,1.5,0.5,1.5811388300841898
SCN_006,693,23.0667,true,true,false,295.0,378.0,296.0,379.0,1.0,1.0,1.0,1.0,1.4142135623730951
SCN_006,694,23.1,true,true,false,294.0,378.0,295.0,380.5,1.0,2.5,1.0,2.5,2.692582403567252
SCN_006,695,23.1333,true,true,false,292.0,377.0,292.0,378.5,0.0,1.5,0.0,1.5,1.5
SCN_006,696,23.1667,true,true,false,291.0,377.0,292.0,378.5,1.0,1.5,1.0,1.5,1.8027756377319946
SCN_006,697,23.2,true,true,false,290.0,377.0,290.5,378.0,0.5,1.0,0.5,1.0,1.118033988749895
SCN_006,698,23.2333,true,true,false,288.0,376.0,289.0,376.5,1.0,0.5,1.0,0.5,1.118033988749895
SCN_006,699,23.2667,true,true,false,287.0,376.0,288.0,376.5,1.0,0.5,1.0,0.5,1.118033988749895
SCN_006,700,23.3,true,true,false,285.0,376.0,286.0,377.5,1.0,1.5,1.0,1.5,1.8027756377319946
SCN_006,701,23.3333,true,true,false,284.0,375.0,285.0,375.5,1.0,0.5,1.0,0.5,1.118033988749895
SCN_006,702,23.3667,true,true,false,282.0,375.0,282.5,375.5,0.5,0.5,0.5,0.5,0.7071067811865476
SCN_006,703,23.4,true,true,false,281.0,374.0,283.5,373.0,2.5,-1.0,2.5,1.0,2.692582403567252
SCN_006,704,23.4333,true,true,false,280.0,374.0,281.5,375.0,1.5,1.0,1.5,1.0,1.8027756377319946
SCN_006,705,23.4667,true,true,false,278.0,374.0,279.0,375.0,1.0,1.0,1.0,1.0,1.4142135623730951
SCN_006,706,23.5,true,true,false,277.0,373.0,277.5,374.0,0.5,1.0,0.5,1.0,1.118033988749895
SCN_006,707,23.5333,true,true,false,275.0,373.0,276.0,373.5,1.0,0.5,1.0,0.5,1.118033988749895
SCN_006,708,23.5667,true,true,false,274.0,372.0,275.0,373.5,1.0,1.5,1.0,1.5,1.8027756377319946
SCN_006,709,23.6,true,true,false,273.0,372.0,274.0,373.5,1.0,1.5,1.0,1.5,1.8027756377319946
SCN_006,710,23.6333,true,true,false,271.0,371.0,271.5,372.0,0.5,1.0,0.5,1.0,1.118033988749895
SCN_006,711,23.6667,true,true,false,270.0,371.0,270.5,372.0,0.5,1.0,0.5,1.0,1.118033988749895
SCN_006,712,23.7,true,true,false,269.0,370.0,270.0,370.5,1.0,0.5,1.0,0.5,1.118033988749895
SCN_006,713,23.7333,true,true,false,267.0,370.0,267.0,371.0,0.0,1.0,0.0,1.0,1.0
SCN_006,714,23.7667,true,true,false,266.0,369.0,266.0,370.0,0.0,1.0,0.0,1.0,1.0
SCN_006,715,23.8,true,true,false,264.0,369.0,265.5,369.5,1.5,0.5,1.5,0.5,1.5811388300841898
SCN_006,716,23.8333,true,true,false,263.0,368.0,264.0,369.0,1.0,1.0,1.0,1.0,1.4142135623730951
SCN_006,717,23.8667,true,true,false,262.0,367.0,263.0,368.0,1.0,1.0,1.0,1.0,1.4142135623730951
SCN_006,718,23.9,true,true,false,260.0,367.0,261.0,368.0,1.0,1.0,1.0,1.0,1.4142135623730951
SCN_006,719,23.9333,true,true,false,259.0,366.0,260.5,366.5,1.5,0.5,1.5,0.5,1.5811388300841898
SCN_006,720,23.9667,true,true,false,258.0,365.0,259.0,366.0,1.0,1.0,1.0,1.0,1.4142135623730951
SCN_006,721,24.0,true,true,false,256.0,365.0,257.0,366.5,1.0,1.5,1.0,1.5,1.8027756377319946
SCN_006,722,24.0333,true,true,false,255.0,364.0,255.5,365.0,0.5,1.0,0.5,1.0,1.118033988749895
SCN_006,723,24.0667,true,true,false,254.0,363.0,255.0,363.5,1.0,0.5,1.0,0.5,1.118033988749895
SCN_006,724,24.1,true,true,false,253.0,363.0,254.5,364.0,1.5,1.0,1.5,1.0,1.8027756377319946
SCN_006,725,24.1333,true,true,false,251.0,362.0,251.5,362.5,0.5,0.5,0.5,0.5,0.7071067811865476
SCN_006,726,24.1667,true,true,false,250.0,361.0,251.0,362.0,1.0,1.0,1.0,1.0,1.4142135623730951
SCN_006,727,24.2,true,true,false,249.0,361.0,250.0,361.5,1.0,0.5,1.0,0.5,1.118033988749895
SCN_006,728,24.2333,true,true,false,248.0,360.0,251.5,359.0,3.5,-1.0,3.5,1.0,3.640054944640259
SCN_006,729,24.2667,true,true,false,246.0,359.0,246.5,360.0,0.5,1.0,0.5,1.0,1.118033988749895
SCN_006,730,24.3,true,true,false,245.0,358.0,245.5,359.5,0.5,1.5,0.5,1.5,1.5811388300841898
SCN_006,731,24.3333,true,true,false,244.0,357.0,245.0,358.0,1.0,1.0,1.0,1.0,1.4142135623730951
SCN_006,732,24.3667,true,true,false,243.0,357.0,244.0,357.0,1.0,0.0,1.0,0.0,1.0
SCN_006,733,24.4,true,true,false,241.0,356.0,242.0,356.5,1.0,0.5,1.0,0.5,1.118033988749895
SCN_006,734,24.4333,true,true,false,240.0,355.0,241.0,356.0,1.0,1.0,1.0,1.0,1.4142135623730951
SCN_006,735,24.4667,true,true,false,239.0,354.0,240.0,355.0,1.0,1.0,1.0,1.0,1.4142135623730951
SCN_006,736,24.5,true,true,false,238.0,353.0,239.0,354.0,1.0,1.0,1.0,1.0,1.4142135623730951
SCN_006,737,24.5333,true,true,false,237.0,352.0,237.5,352.5,0.5,0.5,0.5,0.5,0.7071067811865476
SCN_006,738,24.5667,true,true,false,235.0,352.0,236.5,352.5,1.5,0.5,1.5,0.5,1.5811388300841898
SCN_006,739,24.6,true,true,false,234.0,351.0,235.0,352.5,1.0,1.5,1.0,1.5,1.8027756377319946
SCN_006,740,24.6333,true,true,false,233.0,350.0,234.0,351.0,1.0,1.0,1.0,1.0,1.4142135623730951
SCN_006,741,24.6667,true,true,false,232.0,349.0,233.5,350.0,1.5,1.0,1.5,1.0,1.8027756377319946
SCN_006,742,24.7,true,true,false,231.0,348.0,232.5,349.0,1.5,1.0,1.5,1.0,1.8027756377319946
SCN_006,743,24.7333,true,true,false,230.0,347.0,231.0,348.0,1.0,1.0,1.0,1.0,1.4142135623730951
SCN_006,744,24.7667,true,true,false,229.0,346.0,229.0,347.0,0.0,1.0,0.0,1.0,1.0
SCN_006,745,24.8,true,true,false,227.0,345.0,228.0,346.0,1.0,1.0,1.0,1.0,1.4142135623730951
SCN_006,746,24.8333,true,true,false,226.0,344.0,227.0,345.0,1.0,1.0,1.0,1.0,1.4142135623730951
SCN_006,747,24.8667,true,true,false,225.0,343.0,226.0,344.5,1.0,1.5,1.0,1.5,1.8027756377319946
SCN_006,748,24.9,true,true,false,224.0,342.0,224.5,342.0,0.5,0.0,0.5,0.0,0.5
SCN_006,749,24.9333,true,true,false,223.0,341.0,224.5,342.0,1.5,1.0,1.5,1.0,1.8027756377319946
SCN_006,750,24.9667,true,true,false,222.0,340.0,223.0,341.0,1.0,1.0,1.0,1.0,1.4142135623730951
SCN_006,751,25.0,true,true,false,221.0,339.0,222.0,340.0,1.0,1.0,1.0,1.0,1.4142135623730951
SCN_006,752,25.0333,true,true,false,220.0,338.0,221.0,339.0,1.0,1.0,1.0,1.0,1.4142135623730951
SCN_006,753,25.0667,true,true,false,219.0,337.0,220.5,338.0,1.5,1.0,1.5,1.0,1.8027756377319946
SCN_006,754,25.1,true,true,false,218.0,336.0,218.5,337.0,0.5,1.0,0.5,1.0,1.118033988749895
SCN_006,755,25.1333,true,true,false,217.0,335.0,391.0,1.5,174.0,-333.5,174.0,333.5,376.1625313611126
SCN_006,756,25.1667,true,true,false,216.0,334.0,217.0,334.0,1.0,0.0,1.0,0.0,1.0
SCN_006,757,25.2,true,true,false,215.0,333.0,216.0,333.5,1.0,0.5,1.0,0.5,1.118033988749895
SCN_006,758,25.2333,true,true,false,214.0,332.0,214.5,333.0,0.5,1.0,0.5,1.0,1.118033988749895
SCN_006,759,25.2667,true,true,false,213.0,330.0,214.0,331.0,1.0,1.0,1.0,1.0,1.4142135623730951
SCN_006,760,25.3,true,true,false,212.0,329.0,212.5,330.0,0.5,1.0,0.5,1.0,1.118033988749895
SCN_006,761,25.3333,true,true,false,211.0,328.0,212.0,329.0,1.0,1.0,1.0,1.0,1.4142135623730951
SCN_006,762,25.3667,true,true,false,210.0,327.0,210.0,329.0,0.0,2.0,0.0,2.0,2.0
SCN_006,763,25.4,true,true,false,209.0,326.0,210.0,326.5,1.0,0.5,1.0,0.5,1.118033988749895
SCN_006,764,25.4333,true,true,false,209.0,325.0,211.0,324.5,2.0,-0.5,2.0,0.5,2.0615528128088303
SCN_006,765,25.4667,true,true,false,208.0,324.0,208.5,325.0,0.5,1.0,0.5,1.0,1.118033988749895
SCN_006,766,25.5,true,true,false,207.0,322.0,208.0,323.5,1.0,1.5,1.0,1.5,1.8027756377319946
SCN_006,767,25.5333,true,true,false,206.0,321.0,207.0,322.0,1.0,1.0,1.0,1.0,1.4142135623730951
SCN_006,768,25.5667,true,true,false,205.0,320.0,206.0,320.5,1.0,0.5,1.0,0.5,1.118033988749895
SCN_006,769,25.6,true,true,false,204.0,319.0,204.0,317.0,0.0,-2.0,0.0,2.0,2.0
SCN_006,770,25.6333,true,true,false,203.0,318.0,204.0,318.5,1.0,0.5,1.0,0.5,1.118033988749895
SCN_006,771,25.6667,true,true,false,203.0,316.0,204.0,317.0,1.0,1.0,1.0,1.0,1.4142135623730951
SCN_006,772,25.7,true,true,false,202.0,315.0,203.0,316.5,1.0,1.5,1.0,1.5,1.8027756377319946
SCN_006,773,25.7333,true,true,false,201.0,314.0,201.5,315.5,0.5,1.5,0.5,1.5,1.5811388300841898
SCN_006,774,25.7667,true,true,false,200.0,313.0,200.0,314.0,0.0,1.0,0.0,1.0,1.0
SCN_006,775,25.8,true,true,false,200.0,311.0,201.0,312.5,1.0,1.5,1.0,1.5,1.8027756377319946
SCN_006,776,25.8333,true,true,false,199.0,310.0,200.0,311.0,1.0,1.0,1.0,1.0,1.4142135623730951
SCN_006,777,25.8667,true,true,false,198.0,309.0,199.0,310.5,1.0,1.5,1.0,1.5,1.8027756377319946
SCN_006,778,25.9,true,true,false,197.0,307.0,198.0,308.0,1.0,1.0,1.0,1.0,1.4142135623730951
SCN_006,779,25.9333,true,true,false,197.0,306.0,603.0,389.0,406.0,83.0,406.0,83.0,414.3971524998694
SCN_006,780,25.9667,true,true,false,196.0,305.0,197.5,306.5,1.5,1.5,1.5,1.5,2.1213203435596424
SCN_006,781,26.0,true,true,false,195.0,304.0,195.5,304.0,0.5,0.0,0.5,0.0,0.5
SCN_006,782,26.0333,true,true,false,195.0,302.0,196.5,303.0,1.5,1.0,1.5,1.0,1.8027756377319946
SCN_006,783,26.0667,true,true,false,194.0,301.0,196.0,302.5,2.0,1.5,2.0,1.5,2.5
SCN_006,784,26.1,true,true,false,193.0,300.0,194.0,300.0,1.0,0.0,1.0,0.0,1.0
SCN_006,785,26.1333,true,true,false,193.0,298.0,194.0,299.0,1.0,1.0,1.0,1.0,1.4142135623730951
SCN_006,786,26.1667,true,true,false,192.0,297.0,193.0,298.0,1.0,1.0,1.0,1.0,1.4142135623730951
SCN_006,787,26.2,true,true,false,192.0,296.0,193.0,297.0,1.0,1.0,1.0,1.0,1.4142135623730951
SCN_006,788,26.2333,true,true,false,191.0,294.0,191.5,295.5,0.5,1.5,0.5,1.5,1.5811388300841898
SCN_006,789,26.2667,true,true,false,190.0,293.0,191.0,293.5,1.0,0.5,1.0,0.5,1.118033988749895
SCN_006,790,26.3,true,true,false,190.0,292.0,190.5,293.0,0.5,1.0,0.5,1.0,1.118033988749895
SCN_006,791,26.3333,true,true,false,189.0,290.0,190.0,291.0,1.0,1.0,1.0,1.0,1.4142135623730951
SCN_006,792,26.3667,true,true,false,189.0,289.0,190.0,289.5,1.0,0.5,1.0,0.5,1.118033988749895
SCN_006,793,26.4,true,true,false,188.0,287.0,189.0,287.5,1.0,0.5,1.0,0.5,1.118033988749895
SCN_006,794,26.4333,true,true,false,188.0,286.0,189.5,287.0,1.5,1.0,1.5,1.0,1.8027756377319946
SCN_006,795,26.4667,true,true,false,187.0,285.0,189.0,286.0,2.0,1.0,2.0,1.0,2.23606797749979
SCN_006,796,26.5,true,true,false,187.0,283.0,188.0,284.0,1.0,1.0,1.0,1.0,1.4142135623730951
SCN_006,797,26.5333,true,true,false,186.0,282.0,186.5,283.5,0.5,1.5,0.5,1.5,1.5811388300841898
SCN_006,798,26.5667,true,true,false,186.0,281.0,186.5,282.5,0.5,1.5,0.5,1.5,1.5811388300841898
SCN_006,799,26.6,true,true,false,186.0,279.0,187.0,280.0,1.0,1.0,1.0,1.0,1.4142135623730951
SCN_006,800,26.6333,true,true,false,185.0,278.0,186.0,279.0,1.0,1.0,1.0,1.0,1.4142135623730951
SCN_006,801,26.6667,true,true,false,185.0,276.0,186.0,278.0,1.0,2.0,1.0,2.0,2.23606797749979
SCN_006,802,26.7,true,true,false,184.0,275.0,186.0,275.5,2.0,0.5,2.0,0.5,2.0615528128088303
SCN_006,803,26.7333,true,true,false,184.0,273.0,185.0,274.5,1.0,1.5,1.0,1.5,1.8027756377319946
SCN_006,804,26.7667,true,true,false,184.0,272.0,185.0,273.0,1.0,1.0,1.0,1.0,1.4142135623730951
SCN_006,805,26.8,true,true,false,183.0,271.0,184.0,272.0,1.0,1.0,1.0,1.0,1.4142135623730951
SCN_006,806,26.8333,true,true,false,183.0,269.0,184.0,270.0,1.0,1.0,1.0,1.0,1.4142135623730951
SCN_006,807,26.8667,true,true,false,183.0,268.0,184.5,269.0,1.5,1.0,1.5,1.0,1.8027756377319946
SCN_006,808,26.9,true,true,false,182.0,266.0,183.5,267.0,1.5,1.0,1.5,1.0,1.8027756377319946
SCN_006,809,26.9333,true,true,false,182.0,265.0,181.0,265.5,-1.0,0.5,1.0,0.5,1.118033988749895
SCN_006,810,26.9667,true,true,false,182.0,263.0,182.5,264.5,0.5,1.5,0.5,1.5,1.5811388300841898
SCN_006,811,27.0,true,true,false,182.0,262.0,183.0,263.0,1.0,1.0,1.0,1.0,1.4142135623730951
SCN_006,812,27.0333,true,true,false,182.0,261.0,183.5,262.0,1.5,1.0,1.5,1.0,1.8027756377319946
SCN_006,813,27.0667,true,true,false,181.0,259.0,182.0,260.5,1.0,1.5,1.0,1.5,1.8027756377319946
SCN_006,814,27.1,true,true,false,181.0,258.0,182.0,259.0,1.0,1.0,1.0,1.0,1.4142135623730951
SCN_006,815,27.1333,true,true,false,181.0,256.0,182.0,257.0,1.0,1.0,1.0,1.0,1.4142135623730951
SCN_006,816,27.1667,true,true,false,181.0,255.0,183.0,256.0,2.0,1.0,2.0,1.0,2.23606797749979
SCN_006,817,27.2,true,true,false,181.0,253.0,182.5,254.0,1.5,1.0,1.5,1.0,1.8027756377319946
SCN_006,818,27.2333,true,true,false,180.0,252.0,180.0,253.5,0.0,1.5,0.0,1.5,1.5
SCN_006,819,27.2667,true,true,false,180.0,250.0,181.5,250.5,1.5,0.5,1.5,0.5,1.5811388300841898
SCN_006,820,27.3,true,true,false,180.0,249.0,181.0,250.0,1.0,1.0,1.0,1.0,1.4142135623730951
SCN_006,821,27.3333,true,true,false,180.0,247.0,181.5,248.0,1.5,1.0,1.5,1.0,1.8027756377319946
SCN_006,822,27.3667,true,true,false,180.0,246.0,181.0,247.0,1.0,1.0,1.0,1.0,1.4142135623730951
SCN_006,823,27.4,true,true,false,180.0,244.0,181.0,245.0,1.0,1.0,1.0,1.0,1.4142135623730951
SCN_006,824,27.4333,true,true,false,180.0,243.0,181.0,243.5,1.0,0.5,1.0,0.5,1.118033988749895
SCN_006,825,27.4667,true,true,false,180.0,242.0,181.0,243.0,1.0,1.0,1.0,1.0,1.4142135623730951
SCN_006,826,27.5,true,true,false,180.0,240.0,182.5,241.0,2.5,1.0,2.5,1.0,2.692582403567252
SCN_006,827,27.5333,true,true,false,180.0,239.0,181.0,240.0,1.0,1.0,1.0,1.0,1.4142135623730951
SCN_006,828,27.5667,true,true,false,180.0,237.0,180.0,238.0,0.0,1.0,0.0,1.0,1.0
SCN_006,829,27.6,true,true,false,180.0,236.0,181.0,237.0,1.0,1.0,1.0,1.0,1.4142135623730951
SCN_006,830,27.6333,true,true,false,180.0,234.0,181.0,235.0,1.0,1.0,1.0,1.0,1.4142135623730951
SCN_006,831,27.6667,true,true,false,180.0,233.0,181.0,234.0,1.0,1.0,1.0,1.0,1.4142135623730951
SCN_006,832,27.7,true,true,false,180.0,231.0,181.0,232.5,1.0,1.5,1.0,1.5,1.8027756377319946
SCN_006,833,27.7333,true,true,false,180.0,230.0,181.0,230.5,1.0,0.5,1.0,0.5,1.118033988749895
SCN_006,834,27.7667,true,true,false,180.0,228.0,181.0,229.5,1.0,1.5,1.0,1.5,1.8027756377319946
SCN_006,835,27.8,true,true,false,181.0,227.0,182.5,228.0,1.5,1.0,1.5,1.0,1.8027756377319946
SCN_006,836,27.8333,true,true,false,181.0,225.0,182.0,226.0,1.0,1.0,1.0,1.0,1.4142135623730951
SCN_006,837,27.8667,true,true,false,181.0,224.0,182.0,225.0,1.0,1.0,1.0,1.0,1.4142135623730951
SCN_006,838,27.9,true,true,false,181.0,223.0,183.5,223.5,2.5,0.5,2.5,0.5,2.5495097567963922
SCN_006,839,27.9333,true,true,false,181.0,221.0,181.5,222.5,0.5,1.5,0.5,1.5,1.5811388300841898
SCN_006,840,27.9667,true,true,false,181.0,220.0,182.5,221.0,1.5,1.0,1.5,1.0,1.8027756377319946
SCN_006,841,28.0,true,true,false,182.0,218.0,183.0,218.5,1.0,0.5,1.0,0.5,1.118033988749895
SCN_006,842,28.0333,true,true,false,182.0,217.0,184.0,217.0,2.0,0.0,2.0,0.0,2.0
SCN_006,843,28.0667,true,true,false,182.0,215.0,183.0,216.5,1.0,1.5,1.0,1.5,1.8027756377319946
SCN_006,844,28.1,true,true,false,182.0,214.0,183.0,215.0,1.0,1.0,1.0,1.0,1.4142135623730951
SCN_006,845,28.1333,true,true,false,183.0,212.0,184.0,213.0,1.0,1.0,1.0,1.0,1.4142135623730951
SCN_006,846,28.1667,true,true,false,183.0,211.0,183.0,212.0,0.0,1.0,0.0,1.0,1.0
SCN_006,847,28.2,true,true,false,183.0,210.0,184.0,211.0,1.0,1.0,1.0,1.0,1.4142135623730951
SCN_006,848,28.2333,true,true,false,184.0,208.0,185.0,208.5,1.0,0.5,1.0,0.5,1.118033988749895
SCN_006,849,28.2667,true,true,false,184.0,207.0,185.5,208.5,1.5,1.5,1.5,1.5,2.1213203435596424
SCN_006,850,28.3,true,true,false,184.0,205.0,186.5,206.0,2.5,1.0,2.5,1.0,2.692582403567252
SCN_006,851,28.3333,true,true,false,185.0,204.0,185.5,204.5,0.5,0.5,0.5,0.5,0.7071067811865476
SCN_006,852,28.3667,true,true,false,185.0,202.0,186.0,203.0,1.0,1.0,1.0,1.0,1.4142135623730951
SCN_006,853,28.4,true,true,false,186.0,201.0,187.0,202.5,1.0,1.5,1.0,1.5,1.8027756377319946
SCN_006,854,28.4333,true,true,false,186.0,200.0,188.5,200.5,2.5,0.5,2.5,0.5,2.5495097567963922
SCN_006,855,28.4667,true,true,false,186.0,198.0,187.5,199.0,1.5,1.0,1.5,1.0,1.8027756377319946
SCN_006,856,28.5,true,true,false,187.0,197.0,188.0,198.0,1.0,1.0,1.0,1.0,1.4142135623730951
SCN_006,857,28.5333,true,true,false,187.0,195.0,188.0,195.5,1.0,0.5,1.0,0.5,1.118033988749895
SCN_006,858,28.5667,true,true,false,188.0,194.0,189.0,195.0,1.0,1.0,1.0,1.0,1.4142135623730951
SCN_006,859,28.6,true,true,false,188.0,193.0,189.0,194.0,1.0,1.0,1.0,1.0,1.4142135623730951
SCN_006,860,28.6333,true,true,false,189.0,191.0,189.5,192.0,0.5,1.0,0.5,1.0,1.118033988749895
SCN_006,861,28.6667,true,false,false,189.0,190.0,,,,,,,
SCN_006,862,28.7,true,true,false,190.0,189.0,191.5,191.0,1.5,2.0,1.5,2.0,2.5
SCN_006,863,28.7333,true,true,false,190.0,187.0,192.0,190.5,2.0,3.5,2.0,3.5,4.031128874149275
SCN_006,864,28.7667,true,true,false,191.0,186.0,192.5,187.0,1.5,1.0,1.5,1.0,1.8027756377319946
SCN_006,865,28.8,true,true,false,191.0,184.0,192.0,185.5,1.0,1.5,1.0,1.5,1.8027756377319946
SCN_006,866,28.8333,true,true,false,192.0,183.0,193.0,184.0,1.0,1.0,1.0,1.0,1.4142135623730951
SCN_006,867,28.8667,true,true,false,193.0,182.0,194.0,183.5,1.0,1.5,1.0,1.5,1.8027756377319946
SCN_006,868,28.9,true,true,false,193.0,180.0,194.0,181.0,1.0,1.0,1.0,1.0,1.4142135623730951
SCN_006,869,28.9333,true,true,false,194.0,179.0,194.5,180.0,0.5,1.0,0.5,1.0,1.118033988749895
SCN_006,870,28.9667,true,true,false,195.0,178.0,197.0,180.0,2.0,2.0,2.0,2.0,2.8284271247461903
SCN_006,871,29.0,true,true,false,195.0,177.0,196.0,177.5,1.0,0.5,1.0,0.5,1.118033988749895
SCN_006,872,29.0333,true,true,false,196.0,175.0,197.0,176.0,1.0,1.0,1.0,1.0,1.4142135623730951
SCN_006,873,29.0667,true,true,false,197.0,174.0,198.0,174.5,1.0,0.5,1.0,0.5,1.118033988749895
SCN_006,874,29.1,true,true,false,197.0,173.0,196.5,175.5,-0.5,2.5,0.5,2.5,2.5495097567963922
SCN_006,875,29.1333,true,true,false,198.0,171.0,199.0,171.5,1.0,0.5,1.0,0.5,1.118033988749895
SCN_006,876,29.1667,true,true,false,199.0,170.0,200.0,171.0,1.0,1.0,1.0,1.0,1.4142135623730951
SCN_006,877,29.2,true,true,false,199.0,169.0,199.0,170.0,0.0,1.0,0.0,1.0,1.0
SCN_006,878,29.2333,true,true,false,200.0,168.0,201.0,169.0,1.0,1.0,1.0,1.0,1.4142135623730951
SCN_006,879,29.2667,true,true,false,201.0,166.0,201.5,167.5,0.5,1.5,0.5,1.5,1.5811388300841898
SCN_006,880,29.3,true,true,false,202.0,165.0,581.0,245.5,379.0,80.5,379.0,80.5,387.45483607770336
SCN_006,881,29.3333,true,true,false,203.0,164.0,204.0,165.0,1.0,1.0,1.0,1.0,1.4142135623730951
SCN_006,882,29.3667,true,true,false,203.0,163.0,204.0,164.0,1.0,1.0,1.0,1.0,1.4142135623730951
SCN_006,883,29.4,true,true,false,204.0,161.0,204.5,162.0,0.5,1.0,0.5,1.0,1.118033988749895
SCN_006,884,29.4333,true,true,false,205.0,160.0,206.0,161.5,1.0,1.5,1.0,1.5,1.8027756377319946
SCN_006,885,29.4667,true,true,false,206.0,159.0,207.5,160.0,1.5,1.0,1.5,1.0,1.8027756377319946
SCN_006,886,29.5,true,true,false,207.0,158.0,207.5,158.5,0.5,0.5,0.5,0.5,0.7071067811865476
SCN_006,887,29.5333,true,true,false,208.0,157.0,209.0,158.5,1.0,1.5,1.0,1.5,1.8027756377319946
SCN_006,888,29.5667,true,true,false,208.0,155.0,210.5,155.5,2.5,0.5,2.5,0.5,2.5495097567963922
SCN_006,889,29.6,true,true,false,209.0,154.0,211.0,153.5,2.0,-0.5,2.0,0.5,2.0615528128088303
SCN_006,890,29.6333,true,true,false,210.0,153.0,211.0,153.5,1.0,0.5,1.0,0.5,1.118033988749895
SCN_006,891,29.6667,true,true,false,211.0,152.0,212.0,153.0,1.0,1.0,1.0,1.0,1.4142135623730951
SCN_006,892,29.7,true,true,false,212.0,151.0,213.0,152.0,1.0,1.0,1.0,1.0,1.4142135623730951
SCN_006,893,29.7333,true,true,false,213.0,150.0,213.5,151.0,0.5,1.0,0.5,1.0,1.118033988749895
SCN_006,894,29.7667,true,true,false,214.0,149.0,216.0,150.5,2.0,1.5,2.0,1.5,2.5
SCN_006,895,29.8,true,true,false,215.0,147.0,216.0,148.0,1.0,1.0,1.0,1.0,1.4142135623730951
SCN_006,896,29.8333,true,true,false,216.0,146.0,217.0,146.5,1.0,0.5,1.0,0.5,1.118033988749895
SCN_006,897,29.8667,true,true,false,217.0,145.0,218.5,146.0,1.5,1.0,1.5,1.0,1.8027756377319946
SCN_006,898,29.9,true,true,false,218.0,144.0,219.0,145.0,1.0,1.0,1.0,1.0,1.4142135623730951
SCN_006,899,29.9333,true,true,false,219.0,143.0,220.0,144.5,1.0,1.5,1.0,1.5,1.8027756377319946
SCN_006,900,29.9667,true,true,false,220.0,142.0,219.0,142.0,-1.0,0.0,1.0,0.0,1.0
