scenario_id,frame_id,timestamp,gt_x,gt_y,gt_width,gt_height,gt_center_x,gt_center_y,visible
SCN_006,1,0.0,415,335,8,8,419.0,339.0,True
SCN_006,2,0.0333,414,336,8,8,418.0,340.0,True
SCN_006,3,0.0667,413,337,8,8,417.0,341.0,True
SCN_006,4,0.1,412,338,8,8,416.0,342.0,True
SCN_006,5,0.1333,411,339,8,8,415.0,343.0,True
SCN_006,6,0.1667,410,340,8,8,414.0,344.0,True
SCN_006,7,0.2,409,341,8,8,413.0,345.0,True
SCN_006,8,0.2333,407,342,8,8,411.0,346.0,True
SCN_006,9,0.2667,406,343,8,8,410.0,347.0,True
SCN_006,10,0.3,405,344,8,8,409.0,348.0,True
SCN_006,11,0.3333,404,345,8,8,408.0,349.0,True
SCN_006,12,0.3667,403,346,8,8,407.0,350.0,True
SCN_006,13,0.4,402,347,8,8,406.0,351.0,True
SCN_006,14,0.4333,401,348,8,8,405.0,352.0,True
SCN_006,15,0.4667,399,348,8,8,403.0,352.0,True
SCN_006,16,0.5,398,349,8,8,402.0,353.0,True
SCN_006,17,0.5333,397,350,8,8,401.0,354.0,True
SCN_006,18,0.5667,396,351,8,8,400.0,355.0,True
SCN_006,19,0.6,395,352,8,8,399.0,356.0,True
SCN_006,20,0.6333,393,353,8,8,397.0,357.0,True
SCN_006,21,0.6667,392,353,8,8,396.0,357.0,True
SCN_006,22,0.7,391,354,8,8,395.0,358.0,True
SCN_006,23,0.7333,390,355,8,8,394.0,359.0,True
SCN_006,24,0.7667,389,356,8,8,393.0,360.0,True
SCN_006,25,0.8,387,357,8,8,391.0,361.0,True
SCN_006,26,0.8333,386,357,8,8,390.0,361.0,True
SCN_006,27,0.8667,385,358,8,8,389.0,362.0,True
SCN_006,28,0.9,383,359,8,8,387.0,363.0,True
SCN_006,29,0.9333,382,359,8,8,386.0,363.0,True
SCN_006,30,0.9667,381,360,8,8,385.0,364.0,True
SCN_006,31,1.0,380,361,8,8,384.0,365.0,True
SCN_006,32,1.0333,378,361,8,8,382.0,365.0,True
SCN_006,33,1.0667,377,362,8,8,381.0,366.0,True
SCN_006,34,1.1,376,363,8,8,380.0,367.0,True
SCN_006,35,1.1333,374,363,8,8,378.0,367.0,True
SCN_006,36,1.1667,373,364,8,8,377.0,368.0,True
SCN_006,37,1.2,372,364,8,8,376.0,368.0,True
SCN_006,38,1.2333,370,365,8,8,374.0,369.0,True
SCN_006,39,1.2667,369,366,8,8,373.0,370.0,True
SCN_006,40,1.3,368,366,8,8,372.0,370.0,True
SCN_006,41,1.3333,366,367,8,8,370.0,371.0,True
SCN_006,42,1.3667,365,367,8,8,369.0,371.0,True
SCN_006,43,1.4,363,368,8,8,367.0,372.0,True
SCN_006,44,1.4333,362,368,8,8,366.0,372.0,True
SCN_006,45,1.4667,361,369,8,8,365.0,373.0,True
SCN_006,46,1.5,359,369,8,8,363.0,373.0,True
SCN_006,47,1.5333,358,370,8,8,362.0,374.0,True
SCN_006,48,1.5667,356,370,8,8,360.0,374.0,True
SCN_006,49,1.6,355,370,8,8,359.0,374.0,True
SCN_006,50,1.6333,354,371,8,8,358.0,375.0,True
SCN_006,51,1.6667,352,371,8,8,356.0,375.0,True
SCN_006,52,1.7,351,372,8,8,355.0,376.0,True
SCN_006,53,1.7333,349,372,8,8,353.0,376.0,True
SCN_006,54,1.7667,348,372,8,8,352.0,376.0,True
SCN_006,55,1.8,347,373,8,8,351.0,377.0,True
SCN_006,56,1.8333,345,373,8,8,349.0,377.0,True
SCN_006,57,1.8667,344,373,8,8,348.0,377.0,True
SCN_006,58,1.9,342,374,8,8,346.0,378.0,True
SCN_006,59,1.9333,341,374,8,8,345.0,378.0,True
SCN_006,60,1.9667,339,374,8,8,343.0,378.0,True
SCN_006,61,2.0,338,374,8,8,342.0,378.0,True
SCN_006,62,2.0333,336,374,8,8,340.0,378.0,True
SCN_006,63,2.0667,335,375,8,8,339.0,379.0,True
SCN_006,64,2.1,334,375,8,8,338.0,379.0,True
SCN_006,65,2.1333,332,375,8,8,336.0,379.0,True
SCN_006,66,2.1667,331,375,8,8,335.0,379.0,True
SCN_006,67,2.2,329,375,8,8,333.0,379.0,True
SCN_006,68,2.2333,328,376,8,8,332.0,380.0,True
SCN_006,69,2.2667,326,376,8,8,330.0,380.0,True
SCN_006,70,2.3,325,376,8,8,329.0,380.0,True
SCN_006,71,2.3333,323,376,8,8,327.0,380.0,True
SCN_006,72,2.3667,322,376,8,8,326.0,380.0,True
SCN_006,73,2.4,320,376,8,8,324.0,380.0,True
SCN_006,74,2.4333,319,376,8,8,323.0,380.0,True
SCN_006,75,2.4667,317,376,8,8,321.0,380.0,True
SCN_006,76,2.5,316,376,8,8,320.0,380.0,True
SCN_006,77,2.5333,315,376,8,8,319.0,380.0,True
SCN_006,78,2.5667,313,376,8,8,317.0,380.0,True
SCN_006,79,2.6,312,376,8,8,316.0,380.0,True
SCN_006,80,2.6333,310,376,8,8,314.0,380.0,True
SCN_006,81,2.6667,309,376,8,8,313.0,380.0,True
SCN_006,82,2.7,307,376,8,8,311.0,380.0,True
SCN_006,83,2.7333,306,376,8,8,310.0,380.0,True
SCN_006,84,2.7667,304,376,8,8,308.0,380.0,True
SCN_006,85,2.8,303,375,8,8,307.0,379.0,True
SCN_006,86,2.8333,301,375,8,8,305.0,379.0,True
SCN_006,87,2.8667,300,375,8,8,304.0,379.0,True
SCN_006,88,2.9,298,375,8,8,302.0,379.0,True
SCN_006,89,2.9333,297,375,8,8,301.0,379.0,True
SCN_006,90,2.9667,296,374,8,8,300.0,378.0,True
SCN_006,91,3.0,294,374,8,8,298.0,378.0,True
SCN_006,92,3.0333,293,374,8,8,297.0,378.0,True
SCN_006,93,3.0667,291,374,8,8,295.0,378.0,True
SCN_006,94,3.1,290,374,8,8,294.0,378.0,True
SCN_006,95,3.1333,288,373,8,8,292.0,377.0,True
SCN_006,96,3.1667,287,373,8,8,291.0,377.0,True
SCN_006,97,3.2,285,373,8,8,289.0,377.0,True
SCN_006,98,3.2333,284,372,8,8,288.0,376.0,True
SCN_006,99,3.2667,283,372,8,8,287.0,376.0,True
SCN_006,100,3.3,281,372,8,8,285.0,376.0,True
SCN_006,101,3.3333,280,371,8,8,284.0,375.0,True
SCN_006,102,3.3667,278,371,8,8,282.0,375.0,True
SCN_006,103,3.4,277,370,8,8,281.0,374.0,True
SCN_006,104,3.4333,276,370,8,8,280.0,374.0,True
SCN_006,105,3.4667,274,370,8,8,278.0,374.0,True
SCN_006,106,3.5,273,369,8,8,277.0,373.0,True
SCN_006,107,3.5333,271,369,8,8,275.0,373.0,True
SCN_006,108,3.5667,270,368,8,8,274.0,372.0,True
SCN_006,109,3.6,269,368,8,8,273.0,372.0,True
SCN_006,110,3.6333,267,367,8,8,271.0,371.0,True
SCN_006,111,3.6667,266,367,8,8,270.0,371.0,True
SCN_006,112,3.7,264,366,8,8,268.0,370.0,True
SCN_006,113,3.7333,263,366,8,8,267.0,370.0,True
SCN_006,114,3.7667,262,365,8,8,266.0,369.0,True
SCN_006,115,3.8,260,364,8,8,264.0,368.0,True
SCN_006,116,3.8333,259,364,8,8,263.0,368.0,True
SCN_006,117,3.8667,258,363,8,8,262.0,367.0,True
SCN_006,118,3.9,256,363,8,8,260.0,367.0,True
SCN_006,119,3.9333,255,362,8,8,259.0,366.0,True
SCN_006,120,3.9667,254,361,8,8,258.0,365.0,True
SCN_006,121,4.0,252,361,8,8,256.0,365.0,True
SCN_006,122,4.0333,251,360,8,8,255.0,364.0,True
SCN_006,123,4.0667,250,359,8,8,254.0,363.0,True
SCN_006,124,4.1,249,359,8,8,253.0,363.0,True
SCN_006,125,4.1333,247,358,8,8,251.0,362.0,True
SCN_006,126,4.1667,246,357,8,8,250.0,361.0,True
SCN_006,127,4.2,245,357,8,8,249.0,361.0,True
SCN_006,128,4.2333,243,356,8,8,247.0,360.0,True
SCN_006,129,4.2667,242,355,8,8,246.0,359.0,True
SCN_006,130,4.3,241,354,8,8,245.0,358.0,True
SCN_006,131,4.3333,240,353,8,8,244.0,357.0,True
SCN_006,132,4.3667,239,353,8,8,243.0,357.0,True
SCN_006,133,4.4,237,352,8,8,241.0,356.0,True
SCN_006,134,4.4333,236,351,8,8,240.0,355.0,True
SCN_006,135,4.4667,235,350,8,8,239.0,354.0,True
SCN_006,136,4.5,234,349,8,8,238.0,353.0,True
SCN_006,137,4.5333,233,348,8,8,237.0,352.0,True
SCN_006,138,4.5667,231,348,8,8,235.0,352.0,True
SCN_006,139,4.6,230,347,8,8,234.0,351.0,True
SCN_006,140,4.6333,229,346,8,8,233.0,350.0,True
SCN_006,141,4.6667,228,345,8,8,232.0,349.0,True
SCN_006,142,4.7,227,344,8,8,231.0,348.0,True
SCN_006,143,4.7333,226,343,8,8,230.0,347.0,True
SCN_006,144,4.7667,225,342,8,8,229.0,346.0,True
SCN_006,145,4.8,223,341,8,8,227.0,345.0,True
SCN_006,146,4.8333,222,340,8,8,226.0,344.0,True
SCN_006,147,4.8667,221,339,8,8,225.0,343.0,True
SCN_006,148,4.9,220,338,8,8,224.0,342.0,True
SCN_006,149,4.9333,219,337,8,8,223.0,341.0,True
SCN_006,150,4.9667,218,336,8,8,222.0,340.0,True
SCN_006,151,5.0,217,335,8,8,221.0,339.0,True
SCN_006,152,5.0333,216,334,8,8,220.0,338.0,True
SCN_006,153,5.0667,215,333,8,8,219.0,337.0,True
SCN_006,154,5.1,214,332,8,8,218.0,336.0,True
SCN_006,155,5.1333,213,331,8,8,217.0,335.0,True
SCN_006,156,5.1667,212,330,8,8,216.0,334.0,True
SCN_006,157,5.2,211,329,8,8,215.0,333.0,True
SCN_006,158,5.2333,210,327,8,8,214.0,331.0,True
SCN_006,159,5.2667,209,326,8,8,213.0,330.0,True
SCN_006,160,5.3,208,325,8,8,212.0,329.0,True
SCN_006,161,5.3333,207,324,8,8,211.0,328.0,True
SCN_006,162,5.3667,206,323,8,8,210.0,327.0,True
SCN_006,163,5.4,205,322,8,8,209.0,326.0,True
SCN_006,164,5.4333,204,321,8,8,208.0,325.0,True
SCN_006,165,5.4667,204,319,8,8,208.0,323.0,True
SCN_006,166,5.5,203,318,8,8,207.0,322.0,True
SCN_006,167,5.5333,202,317,8,8,206.0,321.0,True
SCN_006,168,5.5667,201,316,8,8,205.0,320.0,True
SCN_006,169,5.6,200,315,8,8,204.0,319.0,True
SCN_006,170,5.6333,199,313,8,8,203.0,317.0,True
SCN_006,171,5.6667,199,312,8,8,203.0,316.0,True
SCN_006,172,5.7,198,311,8,8,202.0,315.0,True
SCN_006,173,5.7333,197,310,8,8,201.0,314.0,True
SCN_006,174,5.7667,196,309,8,8,200.0,313.0,True
SCN_006,175,5.8,196,307,8,8,200.0,311.0,True
SCN_006,176,5.8333,195,306,8,8,199.0,310.0,True
SCN_006,177,5.8667,194,305,8,8,198.0,309.0,True
SCN_006,178,5.9,193,303,8,8,197.0,307.0,True
SCN_006,179,5.9333,193,302,8,8,197.0,306.0,True
SCN_006,180,5.9667,192,301,8,8,196.0,305.0,True
SCN_006,181,6.0,191,300,8,8,195.0,304.0,True
SCN_006,182,6.0333,191,298,8,8,195.0,302.0,True
SCN_006,183,6.0667,190,297,8,8,194.0,301.0,True
SCN_006,184,6.1,189,296,8,8,193.0,300.0,True
SCN_006,185,6.1333,189,294,8,8,193.0,298.0,True
SCN_006,186,6.1667,188,293,8,8,192.0,297.0,True
SCN_006,187,6.2,188,292,8,8,192.0,296.0,True
SCN_006,188,6.2333,187,290,8,8,191.0,294.0,True
SCN_006,189,6.2667,186,289,8,8,190.0,293.0,True
SCN_006,190,6.3,186,288,8,8,190.0,292.0,True
SCN_006,191,6.3333,185,286,8,8,189.0,290.0,True
SCN_006,192,6.3667,185,285,8,8,189.0,289.0,True
SCN_006,193,6.4,184,283,8,8,188.0,287.0,True
SCN_006,194,6.4333,184,282,8,8,188.0,286.0,True
SCN_006,195,6.4667,183,281,8,8,187.0,285.0,True
SCN_006,196,6.5,183,279,8,8,187.0,283.0,True
SCN_006,197,6.5333,182,278,8,8,186.0,282.0,True
SCN_006,198,6.5667,182,276,8,8,186.0,280.0,True
SCN_006,199,6.6,182,275,8,8,186.0,279.0,True
SCN_006,200,6.6333,181,274,8,8,185.0,278.0,True
SCN_006,201,6.6667,181,272,8,8,185.0,276.0,True
SCN_006,202,6.7,180,271,8,8,184.0,275.0,True
SCN_006,203,6.7333,180,269,8,8,184.0,273.0,True
SCN_006,204,6.7667,180,268,8,8,184.0,272.0,True
SCN_006,205,6.8,179,267,8,8,183.0,271.0,True
SCN_006,206,6.8333,179,265,8,8,183.0,269.0,True
SCN_006,207,6.8667,179,264,8,8,183.0,268.0,True
SCN_006,208,6.9,178,262,8,8,182.0,266.0,True
SCN_006,209,6.9333,178,261,8,8,182.0,265.0,True
SCN_006,210,6.9667,178,259,8,8,182.0,263.0,True
SCN_006,211,7.0,178,258,8,8,182.0,262.0,True
SCN_006,212,7.0333,178,256,8,8,182.0,260.0,True
SCN_006,213,7.0667,177,255,8,8,181.0,259.0,True
SCN_006,214,7.1,177,254,8,8,181.0,258.0,True
SCN_006,215,7.1333,177,252,8,8,181.0,256.0,True
SCN_006,216,7.1667,177,251,8,8,181.0,255.0,True
SCN_006,217,7.2,177,249,8,8,181.0,253.0,True
SCN_006,218,7.2333,176,248,8,8,180.0,252.0,True
SCN_006,219,7.2667,176,246,8,8,180.0,250.0,True
SCN_006,220,7.3,176,245,8,8,180.0,249.0,True
SCN_006,221,7.3333,176,243,8,8,180.0,247.0,True
SCN_006,222,7.3667,176,242,8,8,180.0,246.0,True
SCN_006,223,7.4,176,240,8,8,180.0,244.0,True
SCN_006,224,7.4333,176,239,8,8,180.0,243.0,True
SCN_006,225,7.4667,176,237,8,8,180.0,241.0,True
SCN_006,226,7.5,176,236,8,8,180.0,240.0,True
SCN_006,227,7.5333,176,235,8,8,180.0,239.0,True
SCN_006,228,7.5667,176,233,8,8,180.0,237.0,True
SCN_006,229,7.6,176,232,8,8,180.0,236.0,True
SCN_006,230,7.6333,176,230,8,8,180.0,234.0,True
SCN_006,231,7.6667,176,229,8,8,180.0,233.0,True
SCN_006,232,7.7,176,227,8,8,180.0,231.0,True
SCN_006,233,7.7333,176,226,8,8,180.0,230.0,True
SCN_006,234,7.7667,176,224,8,8,180.0,228.0,True
SCN_006,235,7.8,177,223,8,8,181.0,227.0,True
SCN_006,236,7.8333,177,221,8,8,181.0,225.0,True
SCN_006,237,7.8667,177,220,8,8,181.0,224.0,True
SCN_006,238,7.9,177,218,8,8,181.0,222.0,True
SCN_006,239,7.9333,177,217,8,8,181.0,221.0,True
SCN_006,240,7.9667,177,216,8,8,181.0,220.0,True
SCN_006,241,8.0,178,214,8,8,182.0,218.0,True
SCN_006,242,8.0333,178,213,8,8,182.0,217.0,True
SCN_006,243,8.0667,178,211,8,8,182.0,215.0,True
SCN_006,244,8.1,178,210,8,8,182.0,214.0,True
SCN_006,245,8.1333,179,208,8,8,183.0,212.0,True
SCN_006,246,8.1667,179,207,8,8,183.0,211.0,True
SCN_006,247,8.2,179,205,8,8,183.0,209.0,True
SCN_006,248,8.2333,180,204,8,8,184.0,208.0,True
SCN_006,249,8.2667,180,203,8,8,184.0,207.0,True
SCN_006,250,8.3,180,201,8,8,184.0,205.0,True
SCN_006,251,8.3333,181,200,8,8,185.0,204.0,True
SCN_006,252,8.3667,181,198,8,8,185.0,202.0,True
SCN_006,253,8.4,182,197,8,8,186.0,201.0,True
SCN_006,254,8.4333,182,196,8,8,186.0,200.0,True
SCN_006,255,8.4667,182,194,8,8,186.0,198.0,True
SCN_006,256,8.5,183,193,8,8,187.0,197.0,True
SCN_006,257,8.5333,183,191,8,8,187.0,195.0,True
SCN_006,258,8.5667,184,190,8,8,188.0,194.0,True
SCN_006,259,8.6,184,189,8,8,188.0,193.0,True
SCN_006,260,8.6333,185,187,8,8,189.0,191.0,True
SCN_006,261,8.6667,185,186,8,8,189.0,190.0,True
SCN_006,262,8.7,186,184,8,8,190.0,188.0,True
SCN_006,263,8.7333,186,183,8,8,190.0,187.0,True
SCN_006,264,8.7667,187,182,8,8,191.0,186.0,True
SCN_006,265,8.8,188,180,8,8,192.0,184.0,True
SCN_006,266,8.8333,188,179,8,8,192.0,183.0,True
SCN_006,267,8.8667,189,178,8,8,193.0,182.0,True
SCN_006,268,8.9,189,176,8,8,193.0,180.0,True
SCN_006,269,8.9333,190,175,8,8,194.0,179.0,True
SCN_006,270,8.9667,191,174,8,8,195.0,178.0,True
SCN_006,271,9.0,191,172,8,8,195.0,176.0,True
SCN_006,272,9.0333,192,171,8,8,196.0,175.0,True
SCN_006,273,9.0667,193,170,8,8,197.0,174.0,True
SCN_006,274,9.1,193,169,8,8,197.0,173.0,True
SCN_006,275,9.1333,194,167,8,8,198.0,171.0,True
SCN_006,276,9.1667,195,166,8,8,199.0,170.0,True
SCN_006,277,9.2,195,165,8,8,199.0,169.0,True
SCN_006,278,9.2333,196,163,8,8,200.0,167.0,True
SCN_006,279,9.2667,197,162,8,8,201.0,166.0,True
SCN_006,280,9.3,198,161,8,8,202.0,165.0,True
SCN_006,281,9.3333,199,160,8,8,203.0,164.0,True
SCN_006,282,9.3667,199,159,8,8,203.0,163.0,True
SCN_006,283,9.4,200,157,8,8,204.0,161.0,True
SCN_006,284,9.4333,201,156,8,8,205.0,160.0,True
SCN_006,285,9.4667,202,155,8,8,206.0,159.0,True
SCN_006,286,9.5,203,154,8,8,207.0,158.0,True
SCN_006,287,9.5333,204,153,8,8,208.0,157.0,True
SCN_006,288,9.5667,204,151,8,8,208.0,155.0,True
SCN_006,289,9.6,205,150,8,8,209.0,154.0,True
SCN_006,290,9.6333,206,149,8,8,210.0,153.0,True
SCN_006,291,9.6667,207,148,8,8,211.0,152.0,True
SCN_006,292,9.7,208,147,8,8,212.0,151.0,True
SCN_006,293,9.7333,209,146,8,8,213.0,150.0,True
SCN_006,294,9.7667,210,145,8,8,214.0,149.0,True
SCN_006,295,9.8,211,143,8,8,215.0,147.0,True
SCN_006,296,9.8333,212,142,8,8,216.0,146.0,True
SCN_006,297,9.8667,213,141,8,8,217.0,145.0,True
SCN_006,298,9.9,214,140,8,8,218.0,144.0,True
SCN_006,299,9.9333,215,139,8,8,219.0,143.0,True
SCN_006,300,9.9667,216,138,8,8,220.0,142.0,True
SCN_006,301,10.0,217,137,8,8,221.0,141.0,True
SCN_006,302,10.0333,218,136,8,8,222.0,140.0,True
SCN_006,303,10.0667,219,135,8,8,223.0,139.0,True
SCN_006,304,10.1,220,134,8,8,224.0,138.0,True
SCN_006,305,10.1333,221,133,8,8,225.0,137.0,True
SCN_006,306,10.1667,222,132,8,8,226.0,136.0,True
SCN_006,307,10.2,223,131,8,8,227.0,135.0,True
SCN_006,308,10.2333,225,130,8,8,229.0,134.0,True
SCN_006,309,10.2667,226,129,8,8,230.0,133.0,True
SCN_006,310,10.3,227,128,8,8,231.0,132.0,True
SCN_006,311,10.3333,228,127,8,8,232.0,131.0,True
SCN_006,312,10.3667,229,126,8,8,233.0,130.0,True
SCN_006,313,10.4,230,125,8,8,234.0,129.0,True
SCN_006,314,10.4333,231,125,8,8,235.0,129.0,True
SCN_006,315,10.4667,233,124,8,8,237.0,128.0,True
SCN_006,316,10.5,234,123,8,8,238.0,127.0,True
SCN_006,317,10.5333,235,122,8,8,239.0,126.0,True
SCN_006,318,10.5667,236,121,8,8,240.0,125.0,True
SCN_006,319,10.6,237,120,8,8,241.0,124.0,True
SCN_006,320,10.6333,239,119,8,8,243.0,123.0,True
SCN_006,321,10.6667,240,119,8,8,244.0,123.0,True
SCN_006,322,10.7,241,118,8,8,245.0,122.0,True
SCN_006,323,10.7333,242,117,8,8,246.0,121.0,True
SCN_006,324,10.7667,243,116,8,8,247.0,120.0,True
SCN_006,325,10.8,245,116,8,8,249.0,120.0,True
SCN_006,326,10.8333,246,115,8,8,250.0,119.0,True
SCN_006,327,10.8667,247,114,8,8,251.0,118.0,True
SCN_006,328,10.9,249,113,8,8,253.0,117.0,True
SCN_006,329,10.9333,250,113,8,8,254.0,117.0,True
SCN_006,330,10.9667,251,112,8,8,255.0,116.0,True
SCN_006,331,11.0,252,111,8,8,256.0,115.0,True
SCN_006,332,11.0333,254,111,8,8,258.0,115.0,True
SCN_006,333,11.0667,255,110,8,8,259.0,114.0,True
SCN_006,334,11.1,256,109,8,8,260.0,113.0,True
SCN_006,335,11.1333,258,109,8,8,262.0,113.0,True
SCN_006,336,11.1667,259,108,8,8,263.0,112.0,True
SCN_006,337,11.2,260,108,8,8,264.0,112.0,True
SCN_006,338,11.2333,262,107,8,8,266.0,111.0,True
SCN_006,339,11.2667,263,106,8,8,267.0,110.0,True
SCN_006,340,11.3,264,106,8,8,268.0,110.0,True
SCN_006,341,11.3333,266,105,8,8,270.0,109.0,True
SCN_006,342,11.3667,267,105,8,8,271.0,109.0,True
SCN_006,343,11.4,269,104,8,8,273.0,108.0,True
SCN_006,344,11.4333,270,104,8,8,274.0,108.0,True
SCN_006,345,11.4667,271,103,8,8,275.0,107.0,True
SCN_006,346,11.5,273,103,8,8,277.0,107.0,True
SCN_006,347,11.5333,274,102,8,8,278.0,106.0,True
SCN_006,348,11.5667,276,102,8,8,280.0,106.0,True
SCN_006,349,11.6,277,102,8,8,281.0,106.0,True
SCN_006,350,11.6333,278,101,8,8,282.0,105.0,True
SCN_006,351,11.6667,280,101,8,8,284.0,105.0,True
SCN_006,352,11.7,281,100,8,8,285.0,104.0,True
SCN_006,353,11.7333,283,100,8,8,287.0,104.0,True
SCN_006,354,11.7667,284,100,8,8,288.0,104.0,True
SCN_006,355,11.8,285,99,8,8,289.0,103.0,True
SCN_006,356,11.8333,287,99,8,8,291.0,103.0,True
SCN_006,357,11.8667,288,99,8,8,292.0,103.0,True
SCN_006,358,11.9,290,98,8,8,294.0,102.0,True
SCN_006,359,11.9333,291,98,8,8,295.0,102.0,True
SCN_006,360,11.9667,293,98,8,8,297.0,102.0,True
SCN_006,361,12.0,294,98,8,8,298.0,102.0,True
SCN_006,362,12.0333,296,98,8,8,300.0,102.0,True
SCN_006,363,12.0667,297,97,8,8,301.0,101.0,True
SCN_006,364,12.1,298,97,8,8,302.0,101.0,True
SCN_006,365,12.1333,300,97,8,8,304.0,101.0,True
SCN_006,366,12.1667,301,97,8,8,305.0,101.0,True
SCN_006,367,12.2,303,97,8,8,307.0,101.0,True
SCN_006,368,12.2333,304,96,8,8,308.0,100.0,True
SCN_006,369,12.2667,306,96,8,8,310.0,100.0,True
SCN_006,370,12.3,307,96,8,8,311.0,100.0,True
SCN_006,371,12.3333,309,96,8,8,313.0,100.0,True
SCN_006,372,12.3667,310,96,8,8,314.0,100.0,True
SCN_006,373,12.4,312,96,8,8,316.0,100.0,True
SCN_006,374,12.4333,313,96,8,8,317.0,100.0,True
SCN_006,375,12.4667,315,96,8,8,319.0,100.0,True
SCN_006,376,12.5,316,96,8,8,320.0,100.0,True
SCN_006,377,12.5333,317,96,8,8,321.0,100.0,True
SCN_006,378,12.5667,319,96,8,8,323.0,100.0,True
SCN_006,379,12.6,320,96,8,8,324.0,100.0,True
SCN_006,380,12.6333,322,96,8,8,326.0,100.0,True
SCN_006,381,12.6667,323,96,8,8,327.0,100.0,True
SCN_006,382,12.7,325,96,8,8,329.0,100.0,True
SCN_006,383,12.7333,326,96,8,8,330.0,100.0,True
SCN_006,384,12.7667,328,96,8,8,332.0,100.0,True
SCN_006,385,12.8,329,97,8,8,333.0,101.0,True
SCN_006,386,12.8333,331,97,8,8,335.0,101.0,True
SCN_006,387,12.8667,332,97,8,8,336.0,101.0,True
SCN_006,388,12.9,334,97,8,8,338.0,101.0,True
SCN_006,389,12.9333,335,97,8,8,339.0,101.0,True
SCN_006,390,12.9667,336,97,8,8,340.0,101.0,True
SCN_006,391,13.0,338,98,8,8,342.0,102.0,True
SCN_006,392,13.0333,339,98,8,8,343.0,102.0,True
SCN_006,393,13.0667,341,98,8,8,345.0,102.0,True
SCN_006,394,13.1,342,98,8,8,346.0,102.0,True
SCN_006,395,13.1333,344,99,8,8,348.0,103.0,True
SCN_006,396,13.1667,345,99,8,8,349.0,103.0,True
SCN_006,397,13.2,347,99,8,8,351.0,103.0,True
SCN_006,398,13.2333,348,100,8,8,352.0,104.0,True
SCN_006,399,13.2667,349,100,8,8,353.0,104.0,True
SCN_006,400,13.3,351,100,8,8,355.0,104.0,True
SCN_006,401,13.3333,352,101,8,8,356.0,105.0,True
SCN_006,402,13.3667,354,101,8,8,358.0,105.0,True
SCN_006,403,13.4,355,102,8,8,359.0,106.0,True
SCN_006,404,13.4333,356,102,8,8,360.0,106.0,True
SCN_006,405,13.4667,358,102,8,8,362.0,106.0,True
SCN_006,406,13.5,359,103,8,8,363.0,107.0,True
SCN_006,407,13.5333,361,103,8,8,365.0,107.0,True
SCN_006,408,13.5667,362,104,8,8,366.0,108.0,True
SCN_006,409,13.6,363,104,8,8,367.0,108.0,True
SCN_006,410,13.6333,365,105,8,8,369.0,109.0,True
SCN_006,411,13.6667,366,105,8,8,370.0,109.0,True
SCN_006,412,13.7,368,106,8,8,372.0,110.0,True
SCN_006,413,13.7333,369,106,8,8,373.0,110.0,True
SCN_006,414,13.7667,370,107,8,8,374.0,111.0,True
SCN_006,415,13.8,372,108,8,8,376.0,112.0,True
SCN_006,416,13.8333,373,108,8,8,377.0,112.0,True
SCN_006,417,13.8667,374,109,8,8,378.0,113.0,True
SCN_006,418,13.9,376,109,8,8,380.0,113.0,True
SCN_006,419,13.9333,377,110,8,8,381.0,114.0,True
SCN_006,420,13.9667,378,111,8,8,382.0,115.0,True
SCN_006,421,14.0,380,111,8,8,384.0,115.0,True
SCN_006,422,14.0333,381,112,8,8,385.0,116.0,True
SCN_006,423,14.0667,382,113,8,8,386.0,117.0,True
SCN_006,424,14.1,383,113,8,8,387.0,117.0,True
SCN_006,425,14.1333,385,114,8,8,389.0,118.0,True
SCN_006,426,14.1667,386,115,8,8,390.0,119.0,True
SCN_006,427,14.2,387,115,8,8,391.0,119.0,True
SCN_006,428,14.2333,388,116,8,8,392.0,120.0,True
SCN_006,429,14.2667,390,117,8,8,394.0,121.0,True
SCN_006,430,14.3,391,118,8,8,395.0,122.0,True
SCN_006,431,14.3333,392,119,8,8,396.0,123.0,True
SCN_006,432,14.3667,393,119,8,8,397.0,123.0,True
SCN_006,433,14.4,395,120,8,8,399.0,124.0,True
SCN_006,434,14.4333,396,121,8,8,400.0,125.0,True
SCN_006,435,14.4667,397,122,8,8,401.0,126.0,True
SCN_006,436,14.5,398,123,8,8,402.0,127.0,True
SCN_006,437,14.5333,399,124,8,8,403.0,128.0,True
SCN_006,438,14.5667,401,124,8,8,405.0,128.0,True
SCN_006,439,14.6,402,125,8,8,406.0,129.0,True
SCN_006,440,14.6333,403,126,8,8,407.0,130.0,True
SCN_006,441,14.6667,404,127,8,8,408.0,131.0,True
SCN_006,442,14.7,405,128,8,8,409.0,132.0,True
SCN_006,443,14.7333,406,129,8,8,410.0,133.0,True
SCN_006,444,14.7667,407,130,8,8,411.0,134.0,True
SCN_006,445,14.8,409,131,8,8,413.0,135.0,True
SCN_006,446,14.8333,410,132,8,8,414.0,136.0,True
SCN_006,447,14.8667,411,133,8,8,415.0,137.0,True
SCN_006,448,14.9,412,134,8,8,416.0,138.0,True
SCN_006,449,14.9333,413,135,8,8,417.0,139.0,True
SCN_006,450,14.9667,414,136,8,8,418.0,140.0,True
SCN_006,451,15.0,415,137,8,8,419.0,141.0,True
SCN_006,452,15.0333,416,138,8,8,420.0,142.0,True
SCN_006,453,15.0667,417,139,8,8,421.0,143.0,True
SCN_006,454,15.1,418,140,8,8,422.0,144.0,True
SCN_006,455,15.1333,419,141,8,8,423.0,145.0,True
SCN_006,456,15.1667,420,142,8,8,424.0,146.0,True
SCN_006,457,15.2,421,143,8,8,425.0,147.0,True
SCN_006,458,15.2333,422,144,8,8,426.0,148.0,True
SCN_006,459,15.2667,423,146,8,8,427.0,150.0,True
SCN_006,460,15.3,424,147,8,8,428.0,151.0,True
SCN_006,461,15.3333,425,148,8,8,429.0,152.0,True
SCN_006,462,15.3667,426,149,8,8,430.0,153.0,True
SCN_006,463,15.4,427,150,8,8,431.0,154.0,True
SCN_006,464,15.4333,427,151,8,8,431.0,155.0,True
SCN_006,465,15.4667,428,152,8,8,432.0,156.0,True
SCN_006,466,15.5,429,154,8,8,433.0,158.0,True
SCN_006,467,15.5333,430,155,8,8,434.0,159.0,True
SCN_006,468,15.5667,431,156,8,8,435.0,160.0,True
SCN_006,469,15.6,432,157,8,8,436.0,161.0,True
SCN_006,470,15.6333,433,158,8,8,437.0,162.0,True
SCN_006,471,15.6667,433,160,8,8,437.0,164.0,True
SCN_006,472,15.7,434,161,8,8,438.0,165.0,True
SCN_006,473,15.7333,435,162,8,8,439.0,166.0,True
SCN_006,474,15.7667,436,163,8,8,440.0,167.0,True
SCN_006,475,15.8,436,165,8,8,440.0,169.0,True
SCN_006,476,15.8333,437,166,8,8,441.0,170.0,True
SCN_006,477,15.8667,438,167,8,8,442.0,171.0,True
SCN_006,478,15.9,439,169,8,8,443.0,173.0,True
SCN_006,479,15.9333,439,170,8,8,443.0,174.0,True
SCN_006,480,15.9667,440,171,8,8,444.0,175.0,True
SCN_006,481,16.0,441,172,8,8,445.0,176.0,True
SCN_006,482,16.0333,441,174,8,8,445.0,178.0,True
SCN_006,483,16.0667,442,175,8,8,446.0,179.0,True
SCN_006,484,16.1,443,176,8,8,447.0,180.0,True
SCN_006,485,16.1333,443,178,8,8,447.0,182.0,True
SCN_006,486,16.1667,444,179,8,8,448.0,183.0,True
SCN_006,487,16.2,444,180,8,8,448.0,184.0,True
SCN_006,488,16.2333,445,182,8,8,449.0,186.0,True
SCN_006,489,16.2667,446,183,8,8,450.0,187.0,True
SCN_006,490,16.3,446,184,8,8,450.0,188.0,True
SCN_006,491,16.3333,447,186,8,8,451.0,190.0,True
SCN_006,492,16.3667,447,187,8,8,451.0,191.0,True
SCN_006,493,16.4,448,189,8,8,452.0,193.0,True
SCN_006,494,16.4333,448,190,8,8,452.0,194.0,True
SCN_006,495,16.4667,449,191,8,8,453.0,195.0,True
SCN_006,496,16.5,449,193,8,8,453.0,197.0,True
SCN_006,497,16.5333,450,194,8,8,454.0,198.0,True
SCN_006,498,16.5667,450,195,8,8,454.0,199.0,True
SCN_006,499,16.6,450,197,8,8,454.0,201.0,True
SCN_006,500,16.6333,451,198,8,8,455.0,202.0,True
SCN_006,501,16.6667,451,200,8,8,455.0,204.0,True
SCN_006,502,16.7,452,201,8,8,456.0,205.0,True
SCN_006,503,16.7333,452,203,8,8,456.0,207.0,True
SCN_006,504,16.7667,452,204,8,8,456.0,208.0,True
SCN_006,505,16.8,453,205,8,8,457.0,209.0,True
SCN_006,506,16.8333,453,207,8,8,457.0,211.0,True
SCN_006,507,16.8667,453,208,8,8,457.0,212.0,True
SCN_006,508,16.9,454,210,8,8,458.0,214.0,True
SCN_006,509,16.9333,454,211,8,8,458.0,215.0,True
SCN_006,510,16.9667,454,213,8,8,458.0,217.0,True
SCN_006,511,17.0,454,214,8,8,458.0,218.0,True
SCN_006,512,17.0333,454,216,8,8,458.0,220.0,True
SCN_006,513,17.0667,455,217,8,8,459.0,221.0,True
SCN_006,514,17.1,455,218,8,8,459.0,222.0,True
SCN_006,515,17.1333,455,220,8,8,459.0,224.0,True
SCN_006,516,17.1667,455,221,8,8,459.0,225.0,True
SCN_006,517,17.2,455,223,8,8,459.0,227.0,True
SCN_006,518,17.2333,456,224,8,8,460.0,228.0,True
SCN_006,519,17.2667,456,226,8,8,460.0,230.0,True
SCN_006,520,17.3,456,227,8,8,460.0,231.0,True
SCN_006,521,17.3333,456,229,8,8,460.0,233.0,True
SCN_006,522,17.3667,456,230,8,8,460.0,234.0,True
SCN_006,523,17.4,456,232,8,8,460.0,236.0,True
SCN_006,524,17.4333,456,233,8,8,460.0,237.0,True
SCN_006,525,17.4667,456,234,8,8,460.0,238.0,True
SCN_006,526,17.5,456,236,8,8,460.0,240.0,True
SCN_006,527,17.5333,456,237,8,8,460.0,241.0,True
SCN_006,528,17.5667,456,239,8,8,460.0,243.0,True
SCN_006,529,17.6,456,240,8,8,460.0,244.0,True
SCN_006,530,17.6333,456,242,8,8,460.0,246.0,True
SCN_006,531,17.6667,456,243,8,8,460.0,247.0,True
SCN_006,532,17.7,456,245,8,8,460.0,249.0,True
SCN_006,533,17.7333,456,246,8,8,460.0,250.0,True
SCN_006,534,17.7667,456,248,8,8,460.0,252.0,True
SCN_006,535,17.8,455,249,8,8,459.0,253.0,True
SCN_006,536,17.8333,455,251,8,8,459.0,255.0,True
SCN_006,537,17.8667,455,252,8,8,459.0,256.0,True
SCN_006,538,17.9,455,254,8,8,459.0,258.0,True
SCN_006,539,17.9333,455,255,8,8,459.0,259.0,True
SCN_006,540,17.9667,455,256,8,8,459.0,260.0,True
SCN_006,541,18.0,454,258,8,8,458.0,262.0,True
SCN_006,542,18.0333,454,259,8,8,458.0,263.0,True
SCN_006,543,18.0667,454,261,8,8,458.0,265.0,True
SCN_006,544,18.1,454,262,8,8,458.0,266.0,True
SCN_006,545,18.1333,453,264,8,8,457.0,268.0,True
SCN_006,546,18.1667,453,265,8,8,457.0,269.0,True
SCN_006,547,18.2,453,266,8,8,457.0,270.0,True
SCN_006,548,18.2333,452,268,8,8,456.0,272.0,True
SCN_006,549,18.2667,452,269,8,8,456.0,273.0,True
SCN_006,550,18.3,452,271,8,8,456.0,275.0,True
SCN_006,551,18.3333,451,272,8,8,455.0,276.0,True
SCN_006,552,18.3667,451,274,8,8,455.0,278.0,True
SCN_006,553,18.4,450,275,8,8,454.0,279.0,True
SCN_006,554,18.4333,450,276,8,8,454.0,280.0,True
SCN_006,555,18.4667,450,278,8,8,454.0,282.0,True
SCN_006,556,18.5,449,279,8,8,453.0,283.0,True
SCN_006,557,18.5333,449,281,8,8,453.0,285.0,True
SCN_006,558,18.5667,448,282,8,8,452.0,286.0,True
SCN_006,559,18.6,448,283,8,8,452.0,287.0,True
SCN_006,560,18.6333,447,285,8,8,451.0,289.0,True
SCN_006,561,18.6667,447,286,8,8,451.0,290.0,True
SCN_006,562,18.7,446,287,8,8,450.0,291.0,True
SCN_006,563,18.7333,446,289,8,8,450.0,293.0,True
SCN_006,564,18.7667,445,290,8,8,449.0,294.0,True
SCN_006,565,18.8,445,292,8,8,449.0,296.0,True
SCN_006,566,18.8333,444,293,8,8,448.0,297.0,True
SCN_006,567,18.8667,443,294,8,8,447.0,298.0,True
SCN_006,568,18.9,443,296,8,8,447.0,300.0,True
SCN_006,569,18.9333,442,297,8,8,446.0,301.0,True
SCN_006,570,18.9667,441,298,8,8,445.0,302.0,True
SCN_006,571,19.0,441,300,8,8,445.0,304.0,True
SCN_006,572,19.0333,440,301,8,8,444.0,305.0,True
SCN_006,573,19.0667,439,302,8,8,443.0,306.0,True
SCN_006,574,19.1,439,303,8,8,443.0,307.0,True
SCN_006,575,19.1333,438,305,8,8,442.0,309.0,True
SCN_006,576,19.1667,437,306,8,8,441.0,310.0,True
SCN_006,577,19.2,437,307,8,8,441.0,311.0,True
SCN_006,578,19.2333,436,308,8,8,440.0,312.0,True
SCN_006,579,19.2667,435,310,8,8,439.0,314.0,True
SCN_006,580,19.3,434,311,8,8,438.0,315.0,True
SCN_006,581,19.3333,433,312,8,8,437.0,316.0,True
SCN_006,582,19.3667,433,313,8,8,437.0,317.0,True
SCN_006,583,19.4,432,315,8,8,436.0,319.0,True
SCN_006,584,19.4333,431,316,8,8,435.0,320.0,True
SCN_006,585,19.4667,430,317,8,8,434.0,321.0,True
SCN_006,586,19.5,429,318,8,8,433.0,322.0,True
SCN_006,587,19.5333,428,319,8,8,432.0,323.0,True
SCN_006,588,19.5667,428,321,8,8,432.0,325.0,True
SCN_006,589,19.6,427,322,8,8,431.0,326.0,True
SCN_006,590,19.6333,426,323,8,8,430.0,327.0,True
SCN_006,591,19.6667,425,324,8,8,429.0,328.0,True
SCN_006,592,19.7,424,325,8,8,428.0,329.0,True
SCN_006,593,19.7333,423,326,8,8,427.0,330.0,True
SCN_006,594,19.7667,422,327,8,8,426.0,331.0,True
SCN_006,595,19.8,421,329,8,8,425.0,333.0,True
SCN_006,596,19.8333,420,330,8,8,424.0,334.0,True
SCN_006,597,19.8667,419,331,8,8,423.0,335.0,True
SCN_006,598,19.9,418,332,8,8,422.0,336.0,True
SCN_006,599,19.9333,417,333,8,8,421.0,337.0,True
SCN_006,600,19.9667,416,334,8,8,420.0,338.0,True
SCN_006,601,20.0,415,335,8,8,419.0,339.0,True
SCN_006,602,20.0333,414,336,8,8,418.0,340.0,True
SCN_006,603,20.0667,413,337,8,8,417.0,341.0,True
SCN_006,604,20.1,412,338,8,8,416.0,342.0,True
SCN_006,605,20.1333,411,339,8,8,415.0,343.0,True
SCN_006,606,20.1667,410,340,8,8,414.0,344.0,True
SCN_006,607,20.2,409,341,8,8,413.0,345.0,True
SCN_006,608,20.2333,408,342,8,8,412.0,346.0,True
SCN_006,609,20.2667,406,343,8,8,410.0,347.0,True
SCN_006,610,20.3,405,344,8,8,409.0,348.0,True
SCN_006,611,20.3333,404,345,8,8,408.0,349.0,True
SCN_006,612,20.3667,403,346,8,8,407.0,350.0,True
SCN_006,613,20.4,402,347,8,8,406.0,351.0,True
SCN_006,614,20.4333,401,347,8,8,405.0,351.0,True
SCN_006,615,20.4667,400,348,8,8,404.0,352.0,True
SCN_006,616,20.5,398,349,8,8,402.0,353.0,True
SCN_006,617,20.5333,397,350,8,8,401.0,354.0,True
SCN_006,618,20.5667,396,351,8,8,400.0,355.0,True
SCN_006,619,20.6,395,352,8,8,399.0,356.0,True
SCN_006,620,20.6333,394,353,8,8,398.0,357.0,True
SCN_006,621,20.6667,392,353,8,8,396.0,357.0,True
SCN_006,622,20.7,391,354,8,8,395.0,358.0,True
SCN_006,623,20.7333,390,355,8,8,394.0,359.0,True
SCN_006,624,20.7667,389,356,8,8,393.0,360.0,True
SCN_006,625,20.8,387,356,8,8,391.0,360.0,True
SCN_006,626,20.8333,386,357,8,8,390.0,361.0,True
SCN_006,627,20.8667,385,358,8,8,389.0,362.0,True
SCN_006,628,20.9,383,359,8,8,387.0,363.0,True
SCN_006,629,20.9333,382,359,8,8,386.0,363.0,True
SCN_006,630,20.9667,381,360,8,8,385.0,364.0,True
SCN_006,631,21.0,380,361,8,8,384.0,365.0,True
SCN_006,632,21.0333,378,361,8,8,382.0,365.0,True
SCN_006,633,21.0667,377,362,8,8,381.0,366.0,True
SCN_006,634,21.1,376,363,8,8,380.0,367.0,True
SCN_006,635,21.1333,374,363,8,8,378.0,367.0,True
SCN_006,636,21.1667,373,364,8,8,377.0,368.0,True
SCN_006,637,21.2,372,364,8,8,376.0,368.0,True
SCN_006,638,21.2333,370,365,8,8,374.0,369.0,True
SCN_006,639,21.2667,369,366,8,8,373.0,370.0,True
SCN_006,640,21.3,368,366,8,8,372.0,370.0,True
SCN_006,641,21.3333,366,367,8,8,370.0,371.0,True
SCN_006,642,21.3667,365,367,8,8,369.0,371.0,True
SCN_006,643,21.4,363,368,8,8,367.0,372.0,True
SCN_006,644,21.4333,362,368,8,8,366.0,372.0,True
SCN_006,645,21.4667,361,369,8,8,365.0,373.0,True
SCN_006,646,21.5,359,369,8,8,363.0,373.0,True
SCN_006,647,21.5333,358,370,8,8,362.0,374.0,True
SCN_006,648,21.5667,357,370,8,8,361.0,374.0,True
SCN_006,649,21.6,355,370,8,8,359.0,374.0,True
SCN_006,650,21.6333,354,371,8,8,358.0,375.0,True
SCN_006,651,21.6667,352,371,8,8,356.0,375.0,True
SCN_006,652,21.7,351,372,8,8,355.0,376.0,True
SCN_006,653,21.7333,349,372,8,8,353.0,376.0,True
SCN_006,654,21.7667,348,372,8,8,352.0,376.0,True
SCN_006,655,21.8,347,373,8,8,351.0,377.0,True
SCN_006,656,21.8333,345,373,8,8,349.0,377.0,True
SCN_006,657,21.8667,344,373,8,8,348.0,377.0,True
SCN_006,658,21.9,342,374,8,8,346.0,378.0,True
SCN_006,659,21.9333,341,374,8,8,345.0,378.0,True
SCN_006,660,21.9667,339,374,8,8,343.0,378.0,True
SCN_006,661,22.0,338,374,8,8,342.0,378.0,True
SCN_006,662,22.0333,337,374,8,8,341.0,378.0,True
SCN_006,663,22.0667,335,375,8,8,339.0,379.0,True
SCN_006,664,22.1,334,375,8,8,338.0,379.0,True
SCN_006,665,22.1333,332,375,8,8,336.0,379.0,True
SCN_006,666,22.1667,331,375,8,8,335.0,379.0,True
SCN_006,667,22.2,329,375,8,8,333.0,379.0,True
SCN_006,668,22.2333,328,376,8,8,332.0,380.0,True
SCN_006,669,22.2667,326,376,8,8,330.0,380.0,True
SCN_006,670,22.3,325,376,8,8,329.0,380.0,True
SCN_006,671,22.3333,323,376,8,8,327.0,380.0,True
SCN_006,672,22.3667,322,376,8,8,326.0,380.0,True
SCN_006,673,22.4,320,376,8,8,324.0,380.0,True
SCN_006,674,22.4333,319,376,8,8,323.0,380.0,True
SCN_006,675,22.4667,318,376,8,8,322.0,380.0,True
SCN_006,676,22.5,316,376,8,8,320.0,380.0,True
SCN_006,677,22.5333,315,376,8,8,319.0,380.0,True
SCN_006,678,22.5667,313,376,8,8,317.0,380.0,True
SCN_006,679,22.6,312,376,8,8,316.0,380.0,True
SCN_006,680,22.6333,310,376,8,8,314.0,380.0,True
SCN_006,681,22.6667,309,376,8,8,313.0,380.0,True
SCN_006,682,22.7,307,376,8,8,311.0,380.0,True
SCN_006,683,22.7333,306,376,8,8,310.0,380.0,True
SCN_006,684,22.7667,304,376,8,8,308.0,380.0,True
SCN_006,685,22.8,303,375,8,8,307.0,379.0,True
SCN_006,686,22.8333,301,375,8,8,305.0,379.0,True
SCN_006,687,22.8667,300,375,8,8,304.0,379.0,True
SCN_006,688,22.9,299,375,8,8,303.0,379.0,True
SCN_006,689,22.9333,297,375,8,8,301.0,379.0,True
SCN_006,690,22.9667,296,375,8,8,300.0,379.0,True
SCN_006,691,23.0,294,374,8,8,298.0,378.0,True
SCN_006,692,23.0333,293,374,8,8,297.0,378.0,True
SCN_006,693,23.0667,291,374,8,8,295.0,378.0,True
SCN_006,694,23.1,290,374,8,8,294.0,378.0,True
SCN_006,695,23.1333,288,373,8,8,292.0,377.0,True
SCN_006,696,23.1667,287,373,8,8,291.0,377.0,True
SCN_006,697,23.2,286,373,8,8,290.0,377.0,True
SCN_006,698,23.2333,284,372,8,8,288.0,376.0,True
SCN_006,699,23.2667,283,372,8,8,287.0,376.0,True
SCN_006,700,23.3,281,372,8,8,285.0,376.0,True
SCN_006,701,23.3333,280,371,8,8,284.0,375.0,True
SCN_006,702,23.3667,278,371,8,8,282.0,375.0,True
SCN_006,703,23.4,277,370,8,8,281.0,374.0,True
SCN_006,704,23.4333,276,370,8,8,280.0,374.0,True
SCN_006,705,23.4667,274,370,8,8,278.0,374.0,True
SCN_006,706,23.5,273,369,8,8,277.0,373.0,True
SCN_006,707,23.5333,271,369,8,8,275.0,373.0,True
SCN_006,708,23.5667,270,368,8,8,274.0,372.0,True
SCN_006,709,23.6,269,368,8,8,273.0,372.0,True
SCN_006,710,23.6333,267,367,8,8,271.0,371.0,True
SCN_006,711,23.6667,266,367,8,8,270.0,371.0,True
SCN_006,712,23.7,265,366,8,8,269.0,370.0,True
SCN_006,713,23.7333,263,366,8,8,267.0,370.0,True
SCN_006,714,23.7667,262,365,8,8,266.0,369.0,True
SCN_006,715,23.8,260,365,8,8,264.0,369.0,True
SCN_006,716,23.8333,259,364,8,8,263.0,368.0,True
SCN_006,717,23.8667,258,363,8,8,262.0,367.0,True
SCN_006,718,23.9,256,363,8,8,260.0,367.0,True
SCN_006,719,23.9333,255,362,8,8,259.0,366.0,True
SCN_006,720,23.9667,254,361,8,8,258.0,365.0,True
SCN_006,721,24.0,252,361,8,8,256.0,365.0,True
SCN_006,722,24.0333,251,360,8,8,255.0,364.0,True
SCN_006,723,24.0667,250,359,8,8,254.0,363.0,True
SCN_006,724,24.1,249,359,8,8,253.0,363.0,True
SCN_006,725,24.1333,247,358,8,8,251.0,362.0,True
SCN_006,726,24.1667,246,357,8,8,250.0,361.0,True
SCN_006,727,24.2,245,357,8,8,249.0,361.0,True
SCN_006,728,24.2333,244,356,8,8,248.0,360.0,True
SCN_006,729,24.2667,242,355,8,8,246.0,359.0,True
SCN_006,730,24.3,241,354,8,8,245.0,358.0,True
SCN_006,731,24.3333,240,353,8,8,244.0,357.0,True
SCN_006,732,24.3667,239,353,8,8,243.0,357.0,True
SCN_006,733,24.4,237,352,8,8,241.0,356.0,True
SCN_006,734,24.4333,236,351,8,8,240.0,355.0,True
SCN_006,735,24.4667,235,350,8,8,239.0,354.0,True
SCN_006,736,24.5,234,349,8,8,238.0,353.0,True
SCN_006,737,24.5333,233,348,8,8,237.0,352.0,True
SCN_006,738,24.5667,231,348,8,8,235.0,352.0,True
SCN_006,739,24.6,230,347,8,8,234.0,351.0,True
SCN_006,740,24.6333,229,346,8,8,233.0,350.0,True
SCN_006,741,24.6667,228,345,8,8,232.0,349.0,True
SCN_006,742,24.7,227,344,8,8,231.0,348.0,True
SCN_006,743,24.7333,226,343,8,8,230.0,347.0,True
SCN_006,744,24.7667,225,342,8,8,229.0,346.0,True
SCN_006,745,24.8,223,341,8,8,227.0,345.0,True
SCN_006,746,24.8333,222,340,8,8,226.0,344.0,True
SCN_006,747,24.8667,221,339,8,8,225.0,343.0,True
SCN_006,748,24.9,220,338,8,8,224.0,342.0,True
SCN_006,749,24.9333,219,337,8,8,223.0,341.0,True
SCN_006,750,24.9667,218,336,8,8,222.0,340.0,True
SCN_006,751,25.0,217,335,8,8,221.0,339.0,True
SCN_006,752,25.0333,216,334,8,8,220.0,338.0,True
SCN_006,753,25.0667,215,333,8,8,219.0,337.0,True
SCN_006,754,25.1,214,332,8,8,218.0,336.0,True
SCN_006,755,25.1333,213,331,8,8,217.0,335.0,True
SCN_006,756,25.1667,212,330,8,8,216.0,334.0,True
SCN_006,757,25.2,211,329,8,8,215.0,333.0,True
SCN_006,758,25.2333,210,328,8,8,214.0,332.0,True
SCN_006,759,25.2667,209,326,8,8,213.0,330.0,True
SCN_006,760,25.3,208,325,8,8,212.0,329.0,True
SCN_006,761,25.3333,207,324,8,8,211.0,328.0,True
SCN_006,762,25.3667,206,323,8,8,210.0,327.0,True
SCN_006,763,25.4,205,322,8,8,209.0,326.0,True
SCN_006,764,25.4333,205,321,8,8,209.0,325.0,True
SCN_006,765,25.4667,204,320,8,8,208.0,324.0,True
SCN_006,766,25.5,203,318,8,8,207.0,322.0,True
SCN_006,767,25.5333,202,317,8,8,206.0,321.0,True
SCN_006,768,25.5667,201,316,8,8,205.0,320.0,True
SCN_006,769,25.6,200,315,8,8,204.0,319.0,True
SCN_006,770,25.6333,199,314,8,8,203.0,318.0,True
SCN_006,771,25.6667,199,312,8,8,203.0,316.0,True
SCN_006,772,25.7,198,311,8,8,202.0,315.0,True
SCN_006,773,25.7333,197,310,8,8,201.0,314.0,True
SCN_006,774,25.7667,196,309,8,8,200.0,313.0,True
SCN_006,775,25.8,196,307,8,8,200.0,311.0,True
SCN_006,776,25.8333,195,306,8,8,199.0,310.0,True
SCN_006,777,25.8667,194,305,8,8,198.0,309.0,True
SCN_006,778,25.9,193,303,8,8,197.0,307.0,True
SCN_006,779,25.9333,193,302,8,8,197.0,306.0,True
SCN_006,780,25.9667,192,301,8,8,196.0,305.0,True
SCN_006,781,26.0,191,300,8,8,195.0,304.0,True
SCN_006,782,26.0333,191,298,8,8,195.0,302.0,True
SCN_006,783,26.0667,190,297,8,8,194.0,301.0,True
SCN_006,784,26.1,189,296,8,8,193.0,300.0,True
SCN_006,785,26.1333,189,294,8,8,193.0,298.0,True
SCN_006,786,26.1667,188,293,8,8,192.0,297.0,True
SCN_006,787,26.2,188,292,8,8,192.0,296.0,True
SCN_006,788,26.2333,187,290,8,8,191.0,294.0,True
SCN_006,789,26.2667,186,289,8,8,190.0,293.0,True
SCN_006,790,26.3,186,288,8,8,190.0,292.0,True
SCN_006,791,26.3333,185,286,8,8,189.0,290.0,True
SCN_006,792,26.3667,185,285,8,8,189.0,289.0,True
SCN_006,793,26.4,184,283,8,8,188.0,287.0,True
SCN_006,794,26.4333,184,282,8,8,188.0,286.0,True
SCN_006,795,26.4667,183,281,8,8,187.0,285.0,True
SCN_006,796,26.5,183,279,8,8,187.0,283.0,True
SCN_006,797,26.5333,182,278,8,8,186.0,282.0,True
SCN_006,798,26.5667,182,277,8,8,186.0,281.0,True
SCN_006,799,26.6,182,275,8,8,186.0,279.0,True
SCN_006,800,26.6333,181,274,8,8,185.0,278.0,True
SCN_006,801,26.6667,181,272,8,8,185.0,276.0,True
SCN_006,802,26.7,180,271,8,8,184.0,275.0,True
SCN_006,803,26.7333,180,269,8,8,184.0,273.0,True
SCN_006,804,26.7667,180,268,8,8,184.0,272.0,True
SCN_006,805,26.8,179,267,8,8,183.0,271.0,True
SCN_006,806,26.8333,179,265,8,8,183.0,269.0,True
SCN_006,807,26.8667,179,264,8,8,183.0,268.0,True
SCN_006,808,26.9,178,262,8,8,182.0,266.0,True
SCN_006,809,26.9333,178,261,8,8,182.0,265.0,True
SCN_006,810,26.9667,178,259,8,8,182.0,263.0,True
SCN_006,811,27.0,178,258,8,8,182.0,262.0,True
SCN_006,812,27.0333,178,257,8,8,182.0,261.0,True
SCN_006,813,27.0667,177,255,8,8,181.0,259.0,True
SCN_006,814,27.1,177,254,8,8,181.0,258.0,True
SCN_006,815,27.1333,177,252,8,8,181.0,256.0,True
SCN_006,816,27.1667,177,251,8,8,181.0,255.0,True
SCN_006,817,27.2,177,249,8,8,181.0,253.0,True
SCN_006,818,27.2333,176,248,8,8,180.0,252.0,True
SCN_006,819,27.2667,176,246,8,8,180.0,250.0,True
SCN_006,820,27.3,176,245,8,8,180.0,249.0,True
SCN_006,821,27.3333,176,243,8,8,180.0,247.0,True
SCN_006,822,27.3667,176,242,8,8,180.0,246.0,True
SCN_006,823,27.4,176,240,8,8,180.0,244.0,True
SCN_006,824,27.4333,176,239,8,8,180.0,243.0,True
SCN_006,825,27.4667,176,238,8,8,180.0,242.0,True
SCN_006,826,27.5,176,236,8,8,180.0,240.0,True
SCN_006,827,27.5333,176,235,8,8,180.0,239.0,True
SCN_006,828,27.5667,176,233,8,8,180.0,237.0,True
SCN_006,829,27.6,176,232,8,8,180.0,236.0,True
SCN_006,830,27.6333,176,230,8,8,180.0,234.0,True
SCN_006,831,27.6667,176,229,8,8,180.0,233.0,True
SCN_006,832,27.7,176,227,8,8,180.0,231.0,True
SCN_006,833,27.7333,176,226,8,8,180.0,230.0,True
SCN_006,834,27.7667,176,224,8,8,180.0,228.0,True
SCN_006,835,27.8,177,223,8,8,181.0,227.0,True
SCN_006,836,27.8333,177,221,8,8,181.0,225.0,True
SCN_006,837,27.8667,177,220,8,8,181.0,224.0,True
SCN_006,838,27.9,177,219,8,8,181.0,223.0,True
SCN_006,839,27.9333,177,217,8,8,181.0,221.0,True
SCN_006,840,27.9667,177,216,8,8,181.0,220.0,True
SCN_006,841,28.0,178,214,8,8,182.0,218.0,True
SCN_006,842,28.0333,178,213,8,8,182.0,217.0,True
SCN_006,843,28.0667,178,211,8,8,182.0,215.0,True
SCN_006,844,28.1,178,210,8,8,182.0,214.0,True
SCN_006,845,28.1333,179,208,8,8,183.0,212.0,True
SCN_006,846,28.1667,179,207,8,8,183.0,211.0,True
SCN_006,847,28.2,179,206,8,8,183.0,210.0,True
SCN_006,848,28.2333,180,204,8,8,184.0,208.0,True
SCN_006,849,28.2667,180,203,8,8,184.0,207.0,True
SCN_006,850,28.3,180,201,8,8,184.0,205.0,True
SCN_006,851,28.3333,181,200,8,8,185.0,204.0,True
SCN_006,852,28.3667,181,198,8,8,185.0,202.0,True
SCN_006,853,28.4,182,197,8,8,186.0,201.0,True
SCN_006,854,28.4333,182,196,8,8,186.0,200.0,True
SCN_006,855,28.4667,182,194,8,8,186.0,198.0,True
SCN_006,856,28.5,183,193,8,8,187.0,197.0,True
SCN_006,857,28.5333,183,191,8,8,187.0,195.0,True
SCN_006,858,28.5667,184,190,8,8,188.0,194.0,True
SCN_006,859,28.6,184,189,8,8,188.0,193.0,True
SCN_006,860,28.6333,185,187,8,8,189.0,191.0,True
SCN_006,861,28.6667,185,186,8,8,189.0,190.0,True
SCN_006,862,28.7,186,185,8,8,190.0,189.0,True
SCN_006,863,28.7333,186,183,8,8,190.0,187.0,True
SCN_006,864,28.7667,187,182,8,8,191.0,186.0,True
SCN_006,865,28.8,187,180,8,8,191.0,184.0,True
SCN_006,866,28.8333,188,179,8,8,192.0,183.0,True
SCN_006,867,28.8667,189,178,8,8,193.0,182.0,True
SCN_006,868,28.9,189,176,8,8,193.0,180.0,True
SCN_006,869,28.9333,190,175,8,8,194.0,179.0,True
SCN_006,870,28.9667,191,174,8,8,195.0,178.0,True
SCN_006,871,29.0,191,173,8,8,195.0,177.0,True
SCN_006,872,29.0333,192,171,8,8,196.0,175.0,True
SCN_006,873,29.0667,193,170,8,8,197.0,174.0,True
SCN_006,874,29.1,193,169,8,8,197.0,173.0,True
SCN_006,875,29.1333,194,167,8,8,198.0,171.0,True
SCN_006,876,29.1667,195,166,8,8,199.0,170.0,True
SCN_006,877,29.2,195,165,8,8,199.0,169.0,True
SCN_006,878,29.2333,196,164,8,8,200.0,168.0,True
SCN_006,879,29.2667,197,162,8,8,201.0,166.0,True
SCN_006,880,29.3,198,161,8,8,202.0,165.0,True
SCN_006,881,29.3333,199,160,8,8,203.0,164.0,True
SCN_006,882,29.3667,199,159,8,8,203.0,163.0,True
SCN_006,883,29.4,200,157,8,8,204.0,161.0,True
SCN_006,884,29.4333,201,156,8,8,205.0,160.0,True
SCN_006,885,29.4667,202,155,8,8,206.0,159.0,True
SCN_006,886,29.5,203,154,8,8,207.0,158.0,True
SCN_006,887,29.5333,204,153,8,8,208.0,157.0,True
SCN_006,888,29.5667,204,151,8,8,208.0,155.0,True
SCN_006,889,29.6,205,150,8,8,209.0,154.0,True
SCN_006,890,29.6333,206,149,8,8,210.0,153.0,True
SCN_006,891,29.6667,207,148,8,8,211.0,152.0,True
SCN_006,892,29.7,208,147,8,8,212.0,151.0,True
SCN_006,893,29.7333,209,146,8,8,213.0,150.0,True
SCN_006,894,29.7667,210,145,8,8,214.0,149.0,True
SCN_006,895,29.8,211,143,8,8,215.0,147.0,True
SCN_006,896,29.8333,212,142,8,8,216.0,146.0,True
SCN_006,897,29.8667,213,141,8,8,217.0,145.0,True
SCN_006,898,29.9,214,140,8,8,218.0,144.0,True
SCN_006,899,29.9333,215,139,8,8,219.0,143.0,True
SCN_006,900,29.9667,216,138,8,8,220.0,142.0,True
