scenario_id,frame_id,timestamp,gt_center_x,gt_center_y,detected_x,detected_y,detected_width,detected_height,detected_center_x,detected_center_y,detected,detection_error
SCN_001,1,0.0,100.0,90.0,96,86,10,10,101.0,91.0,true,1.414
SCN_001,2,0.0333,100.0,90.0,96,86,10,10,101.0,91.0,true,1.414
SCN_001,3,0.0667,101.0,91.0,97,87,10,10,102.0,92.0,true,1.414
SCN_001,4,0.1,101.0,91.0,97,87,10,10,102.0,92.0,true,1.414
SCN_001,5,0.1333,102.0,91.0,98,87,10,10,103.0,92.0,true,1.414
SCN_001,6,0.1667,102.0,92.0,98,88,10,10,103.0,93.0,true,1.414
SCN_001,7,0.2,103.0,92.0,99,88,10,10,104.0,93.0,true,1.414
SCN_001,8,0.2333,103.0,92.0,99,88,10,10,104.0,93.0,true,1.414
SCN_001,9,0.2667,104.0,93.0,100,89,10,10,105.0,94.0,true,1.414
SCN_001,10,0.3,104.0,93.0,100,89,10,10,105.0,94.0,true,1.414
SCN_001,11,0.3333,105.0,93.0,101,89,10,10,106.0,94.0,true,1.414
SCN_001,12,0.3667,105.0,94.0,101,90,10,10,106.0,95.0,true,1.414
SCN_001,13,0.4,106.0,94.0,102,90,10,10,107.0,95.0,true,1.414
SCN_001,14,0.4333,106.0,94.0,102,90,10,10,107.0,95.0,true,1.414
SCN_001,15,0.4667,107.0,95.0,103,91,10,10,108.0,96.0,true,1.414
SCN_001,16,0.5,107.0,95.0,103,91,10,10,108.0,96.0,true,1.414
SCN_001,17,0.5333,108.0,95.0,104,91,10,10,109.0,96.0,true,1.414
SCN_001,18,0.5667,108.0,96.0,104,92,10,10,109.0,97.0,true,1.414
SCN_001,19,0.6,109.0,96.0,105,92,10,10,110.0,97.0,true,1.414
SCN_001,20,0.6333,109.0,96.0,105,92,10,10,110.0,97.0,true,1.414
SCN_001,21,0.6667,110.0,97.0,106,93,10,10,111.0,98.0,true,1.414
SCN_001,22,0.7,110.0,97.0,106,93,10,10,111.0,98.0,true,1.414
SCN_001,23,0.7333,111.0,97.0,107,93,10,10,112.0,98.0,true,1.414
SCN_001,24,0.7667,111.0,98.0,107,94,10,10,112.0,99.0,true,1.414
SCN_001,25,0.8,112.0,98.0,108,94,10,10,113.0,99.0,true,1.414
SCN_001,26,0.8333,112.0,98.0,108,94,10,10,113.0,99.0,true,1.414
SCN_001,27,0.8667,113.0,99.0,109,95,10,10,114.0,100.0,true,1.414
SCN_001,28,0.9,113.0,99.0,109,95,10,10,114.0,100.0,true,1.414
SCN_001,29,0.9333,114.0,99.0,110,95,10,10,115.0,100.0,true,1.414
SCN_001,30,0.9667,114.0,100.0,110,96,10,10,115.0,101.0,true,1.414
SCN_001,31,1.0,115.0,100.0,111,96,10,10,116.0,101.0,true,1.414
SCN_001,32,1.0333,115.0,100.0,111,96,10,10,116.0,101.0,true,1.414
SCN_001,33,1.0667,116.0,101.0,112,97,10,10,117.0,102.0,true,1.414
SCN_001,34,1.1,116.0,101.0,112,97,10,10,117.0,102.0,true,1.414
SCN_001,35,1.1333,117.0,101.0,113,97,10,10,118.0,102.0,true,1.414
SCN_001,36,1.1667,117.0,102.0,113,98,10,10,118.0,103.0,true,1.414
SCN_001,37,1.2,118.0,102.0,114,98,10,10,119.0,103.0,true,1.414
SCN_001,38,1.2333,118.0,102.0,114,98,10,10,119.0,103.0,true,1.414
SCN_001,39,1.2667,119.0,103.0,115,99,10,10,120.0,104.0,true,1.414
SCN_001,40,1.3,119.0,103.0,115,99,10,10,120.0,104.0,true,1.414
SCN_001,41,1.3333,120.0,103.0,116,99,10,10,121.0,104.0,true,1.414
SCN_001,42,1.3667,120.0,104.0,116,100,10,10,121.0,105.0,true,1.414
SCN_001,43,1.4,121.0,104.0,117,100,10,10,122.0,105.0,true,1.414
SCN_001,44,1.4333,121.0,104.0,117,100,10,10,122.0,105.0,true,1.414
SCN_001,45,1.4667,122.0,105.0,118,101,10,10,123.0,106.0,true,1.414
SCN_001,46,1.5,122.0,105.0,118,101,10,10,123.0,106.0,true,1.414
SCN_001,47,1.5333,123.0,105.0,119,101,10,10,124.0,106.0,true,1.414
SCN_001,48,1.5667,123.0,106.0,119,102,10,10,124.0,107.0,true,1.414
SCN_001,49,1.6,123.0,106.0,119,102,10,10,124.0,107.0,true,1.414
SCN_001,50,1.6333,124.0,106.0,120,102,10,10,125.0,107.0,true,1.414
SCN_001,51,1.6667,124.0,107.0,120,103,10,10,125.0,108.0,true,1.414
SCN_001,52,1.7,125.0,107.0,121,103,10,10,126.0,108.0,true,1.414
SCN_001,53,1.7333,125.0,107.0,121,103,10,10,126.0,108.0,true,1.414
SCN_001,54,1.7667,126.0,108.0,122,104,10,10,127.0,109.0,true,1.414
SCN_001,55,1.8,126.0,108.0,122,104,10,10,127.0,109.0,true,1.414
SCN_001,56,1.8333,127.0,108.0,123,104,10,10,128.0,109.0,true,1.414
SCN_001,57,1.8667,127.0,109.0,123,105,10,10,128.0,110.0,true,1.414
SCN_001,58,1.9,128.0,109.0,124,105,10,10,129.0,110.0,true,1.414
SCN_001,59,1.9333,128.0,109.0,124,105,10,10,129.0,110.0,true,1.414
SCN_001,60,1.9667,129.0,110.0,125,106,10,10,130.0,111.0,true,1.414
SCN_001,61,2.0,129.0,110.0,125,106,10,10,130.0,111.0,true,1.414
SCN_001,62,2.0333,130.0,110.0,126,106,10,10,131.0,111.0,true,1.414
SCN_001,63,2.0667,130.0,111.0,126,107,10,10,131.0,112.0,true,1.414
SCN_001,64,2.1,131.0,111.0,127,107,10,10,132.0,112.0,true,1.414
SCN_001,65,2.1333,131.0,111.0,127,107,10,10,132.0,112.0,true,1.414
SCN_001,66,2.1667,132.0,112.0,128,108,10,10,133.0,113.0,true,1.414
SCN_001,67,2.2,132.0,112.0,128,108,10,10,133.0,113.0,true,1.414
SCN_001,68,2.2333,133.0,112.0,129,108,10,10,134.0,113.0,true,1.414
SCN_001,69,2.2667,133.0,113.0,129,109,10,10,134.0,114.0,true,1.414
SCN_001,70,2.3,134.0,113.0,130,109,10,10,135.0,114.0,true,1.414
SCN_001,71,2.3333,134.0,113.0,130,109,10,10,135.0,114.0,true,1.414
SCN_001,72,2.3667,135.0,114.0,131,110,10,10,136.0,115.0,true,1.414
SCN_001,73,2.4,135.0,114.0,131,110,10,10,136.0,115.0,true,1.414
SCN_001,74,2.4333,136.0,114.0,132,110,10,10,137.0,115.0,true,1.414
SCN_001,75,2.4667,136.0,115.0,132,111,10,10,137.0,116.0,true,1.414
SCN_001,76,2.5,137.0,115.0,133,111,10,10,138.0,116.0,true,1.414
SCN_001,77,2.5333,137.0,115.0,133,111,10,10,138.0,116.0,true,1.414
SCN_001,78,2.5667,138.0,116.0,134,112,10,10,139.0,117.0,true,1.414
SCN_001,79,2.6,138.0,116.0,134,112,10,10,139.0,117.0,true,1.414
SCN_001,80,2.6333,139.0,116.0,135,112,10,10,140.0,117.0,true,1.414
SCN_001,81,2.6667,139.0,117.0,135,113,10,10,140.0,118.0,true,1.414
SCN_001,82,2.7,140.0,117.0,136,113,10,10,141.0,118.0,true,1.414
SCN_001,83,2.7333,140.0,117.0,136,113,10,10,141.0,118.0,true,1.414
SCN_001,84,2.7667,141.0,118.0,137,114,10,10,142.0,119.0,true,1.414
SCN_001,85,2.8,141.0,118.0,137,114,10,10,142.0,119.0,true,1.414
SCN_001,86,2.8333,142.0,118.0,138,114,10,10,143.0,119.0,true,1.414
SCN_001,87,2.8667,142.0,119.0,138,115,10,10,143.0,120.0,true,1.414
SCN_001,88,2.9,143.0,119.0,139,115,10,10,144.0,120.0,true,1.414
SCN_001,89,2.9333,143.0,119.0,139,115,10,10,144.0,120.0,true,1.414
SCN_001,90,2.9667,144.0,120.0,140,116,10,10,145.0,121.0,true,1.414
SCN_001,91,3.0,144.0,120.0,140,116,10,10,145.0,121.0,true,1.414
SCN_001,92,3.0333,145.0,120.0,141,116,10,10,146.0,121.0,true,1.414
SCN_001,93,3.0667,145.0,121.0,141,117,10,10,146.0,122.0,true,1.414
SCN_001,94,3.1,146.0,121.0,142,117,10,10,147.0,122.0,true,1.414
SCN_001,95,3.1333,146.0,121.0,142,117,10,10,147.0,122.0,true,1.414
SCN_001,96,3.1667,146.0,122.0,142,118,10,10,147.0,123.0,true,1.414
SCN_001,97,3.2,147.0,122.0,143,118,10,10,148.0,123.0,true,1.414
SCN_001,98,3.2333,147.0,122.0,143,118,10,10,148.0,123.0,true,1.414
SCN_001,99,3.2667,148.0,123.0,144,119,10,10,149.0,124.0,true,1.414
SCN_001,100,3.3,148.0,123.0,144,119,10,10,149.0,124.0,true,1.414
SCN_001,101,3.3333,149.0,123.0,145,119,10,10,150.0,124.0,true,1.414
SCN_001,102,3.3667,149.0,124.0,145,120,10,10,150.0,125.0,true,1.414
SCN_001,103,3.4,150.0,124.0,146,120,10,10,151.0,125.0,true,1.414
SCN_001,104,3.4333,150.0,124.0,146,120,10,10,151.0,125.0,true,1.414
SCN_001,105,3.4667,151.0,125.0,147,121,10,10,152.0,126.0,true,1.414
SCN_001,106,3.5,151.0,125.0,147,121,10,10,152.0,126.0,true,1.414
SCN_001,107,3.5333,152.0,125.0,148,121,10,10,153.0,126.0,true,1.414
SCN_001,108,3.5667,152.0,126.0,148,122,10,10,153.0,127.0,true,1.414
SCN_001,109,3.6,153.0,126.0,149,122,10,10,154.0,127.0,true,1.414
SCN_001,110,3.6333,153.0,126.0,149,122,10,10,154.0,127.0,true,1.414
SCN_001,111,3.6667,154.0,127.0,150,123,10,10,155.0,128.0,true,1.414
SCN_001,112,3.7,154.0,127.0,150,123,10,10,155.0,128.0,true,1.414
SCN_001,113,3.7333,155.0,127.0,151,123,10,10,156.0,128.0,true,1.414
SCN_001,114,3.7667,155.0,128.0,151,124,10,10,156.0,129.0,true,1.414
SCN_001,115,3.8,156.0,128.0,152,124,10,10,157.0,129.0,true,1.414
SCN_001,116,3.8333,156.0,128.0,152,124,10,10,157.0,129.0,true,1.414
SCN_001,117,3.8667,157.0,129.0,153,125,10,10,158.0,130.0,true,1.414
SCN_001,118,3.9,157.0,129.0,153,125,10,10,158.0,130.0,true,1.414
SCN_001,119,3.9333,158.0,129.0,154,125,10,10,159.0,130.0,true,1.414
SCN_001,120,3.9667,158.0,130.0,154,126,10,10,159.0,131.0,true,1.414
SCN_001,121,4.0,159.0,130.0,155,126,10,10,160.0,131.0,true,1.414
SCN_001,122,4.0333,159.0,130.0,155,126,10,10,160.0,131.0,true,1.414
SCN_001,123,4.0667,160.0,131.0,156,127,10,10,161.0,132.0,true,1.414
SCN_001,124,4.1,160.0,131.0,156,127,10,10,161.0,132.0,true,1.414
SCN_001,125,4.1333,161.0,131.0,157,127,10,10,162.0,132.0,true,1.414
SCN_001,126,4.1667,161.0,132.0,157,128,10,10,162.0,133.0,true,1.414
SCN_001,127,4.2,162.0,132.0,158,128,10,10,163.0,133.0,true,1.414
SCN_001,128,4.2333,162.0,132.0,158,128,10,10,163.0,133.0,true,1.414
SCN_001,129,4.2667,163.0,133.0,159,129,10,10,164.0,134.0,true,1.414
SCN_001,130,4.3,163.0,133.0,159,129,10,10,164.0,134.0,true,1.414
SCN_001,131,4.3333,164.0,133.0,160,129,10,10,165.0,134.0,true,1.414
SCN_001,132,4.3667,164.0,134.0,160,130,10,10,165.0,135.0,true,1.414
SCN_001,133,4.4,165.0,134.0,161,130,10,10,166.0,135.0,true,1.414
SCN_001,134,4.4333,165.0,134.0,161,130,10,10,166.0,135.0,true,1.414
SCN_001,135,4.4667,166.0,135.0,162,131,10,10,167.0,136.0,true,1.414
SCN_001,136,4.5,166.0,135.0,162,131,10,10,167.0,136.0,true,1.414
SCN_001,137,4.5333,167.0,135.0,163,131,10,10,168.0,136.0,true,1.414
SCN_001,138,4.5667,167.0,136.0,163,132,10,10,168.0,137.0,true,1.414
SCN_001,139,4.6,168.0,136.0,164,132,10,10,169.0,137.0,true,1.414
SCN_001,140,4.6333,168.0,136.0,164,132,10,10,169.0,137.0,true,1.414
SCN_001,141,4.6667,169.0,137.0,165,133,10,10,170.0,138.0,true,1.414
SCN_001,142,4.7,169.0,137.0,165,133,10,10,170.0,138.0,true,1.414
SCN_001,143,4.7333,169.0,137.0,165,133,10,10,170.0,138.0,true,1.414
SCN_001,144,4.7667,170.0,138.0,166,134,10,10,171.0,139.0,true,1.414
SCN_001,145,4.8,170.0,138.0,166,134,10,10,171.0,139.0,true,1.414
SCN_001,146,4.8333,171.0,138.0,167,134,10,10,172.0,139.0,true,1.414
SCN_001,147,4.8667,171.0,139.0,167,135,10,10,172.0,140.0,true,1.414
SCN_001,148,4.9,172.0,139.0,168,135,10,10,173.0,140.0,true,1.414
SCN_001,149,4.9333,172.0,139.0,168,135,10,10,173.0,140.0,true,1.414
SCN_001,150,4.9667,173.0,140.0,169,136,10,10,174.0,141.0,true,1.414
SCN_001,151,5.0,173.0,140.0,169,136,10,10,174.0,141.0,true,1.414
SCN_001,152,5.0333,174.0,140.0,170,136,10,10,175.0,141.0,true,1.414
SCN_001,153,5.0667,174.0,141.0,170,137,10,10,175.0,142.0,true,1.414
SCN_001,154,5.1,175.0,141.0,171,137,10,10,176.0,142.0,true,1.414
SCN_001,155,5.1333,175.0,141.0,171,137,10,10,176.0,142.0,true,1.414
SCN_001,156,5.1667,176.0,142.0,172,138,10,10,177.0,143.0,true,1.414
SCN_001,157,5.2,176.0,142.0,172,138,10,10,177.0,143.0,true,1.414
SCN_001,158,5.2333,177.0,142.0,173,138,10,10,178.0,143.0,true,1.414
SCN_001,159,5.2667,177.0,143.0,173,139,10,10,178.0,144.0,true,1.414
SCN_001,160,5.3,178.0,143.0,174,139,10,10,179.0,144.0,true,1.414
SCN_001,161,5.3333,178.0,143.0,174,139,10,10,179.0,144.0,true,1.414
SCN_001,162,5.3667,179.0,144.0,175,140,10,10,180.0,145.0,true,1.414
SCN_001,163,5.4,179.0,144.0,175,140,10,10,180.0,145.0,true,1.414
SCN_001,164,5.4333,180.0,144.0,176,140,10,10,181.0,145.0,true,1.414
SCN_001,165,5.4667,180.0,145.0,176,141,10,10,181.0,146.0,true,1.414
SCN_001,166,5.5,181.0,145.0,177,141,10,10,182.0,146.0,true,1.414
SCN_001,167,5.5333,181.0,145.0,177,141,10,10,182.0,146.0,true,1.414
SCN_001,168,5.5667,182.0,146.0,178,142,10,10,183.0,147.0,true,1.414
SCN_001,169,5.6,182.0,146.0,178,142,10,10,183.0,147.0,true,1.414
SCN_001,170,5.6333,183.0,146.0,179,142,10,10,184.0,147.0,true,1.414
SCN_001,171,5.6667,183.0,147.0,179,143,10,10,184.0,148.0,true,1.414
SCN_001,172,5.7,184.0,147.0,180,143,10,10,185.0,148.0,true,1.414
SCN_001,173,5.7333,184.0,147.0,180,143,10,10,185.0,148.0,true,1.414
SCN_001,174,5.7667,185.0,148.0,181,144,10,10,186.0,149.0,true,1.414
SCN_001,175,5.8,185.0,148.0,181,144,10,10,186.0,149.0,true,1.414
SCN_001,176,5.8333,186.0,148.0,182,144,10,10,187.0,149.0,true,1.414
SCN_001,177,5.8667,186.0,149.0,182,145,10,10,187.0,150.0,true,1.414
SCN_001,178,5.9,187.0,149.0,183,145,10,10,188.0,150.0,true,1.414
SCN_001,179,5.9333,187.0,149.0,183,145,10,10,188.0,150.0,true,1.414
SCN_001,180,5.9667,188.0,150.0,184,146,10,10,189.0,151.0,true,1.414
SCN_001,181,6.0,188.0,150.0,184,146,10,10,189.0,151.0,true,1.414
SCN_001,182,6.0333,189.0,150.0,185,146,10,10,190.0,151.0,true,1.414
SCN_001,183,6.0667,189.0,151.0,185,147,10,10,190.0,152.0,true,1.414
SCN_001,184,6.1,190.0,151.0,186,147,10,10,191.0,152.0,true,1.414
SCN_001,185,6.1333,190.0,151.0,186,147,10,10,191.0,152.0,true,1.414
SCN_001,186,6.1667,191.0,152.0,187,148,10,10,192.0,153.0,true,1.414
SCN_001,187,6.2,191.0,152.0,187,148,10,10,192.0,153.0,true,1.414
SCN_001,188,6.2333,192.0,152.0,188,148,10,10,193.0,153.0,true,1.414
SCN_001,189,6.2667,192.0,153.0,188,149,10,10,193.0,154.0,true,1.414
SCN_001,190,6.3,192.0,153.0,188,149,10,10,193.0,154.0,true,1.414
SCN_001,191,6.3333,193.0,153.0,189,149,10,10,194.0,154.0,true,1.414
SCN_001,192,6.3667,193.0,154.0,189,150,10,10,194.0,155.0,true,1.414
SCN_001,193,6.4,194.0,154.0,190,150,10,10,195.0,155.0,true,1.414
SCN_001,194,6.4333,194.0,154.0,190,150,10,10,195.0,155.0,true,1.414
SCN_001,195,6.4667,195.0,155.0,191,151,10,10,196.0,156.0,true,1.414
SCN_001,196,6.5,195.0,155.0,191,151,10,10,196.0,156.0,true,1.414
SCN_001,197,6.5333,196.0,155.0,192,151,10,10,197.0,156.0,true,1.414
SCN_001,198,6.5667,196.0,156.0,192,152,10,10,197.0,157.0,true,1.414
SCN_001,199,6.6,197.0,156.0,193,152,10,10,198.0,157.0,true,1.414
SCN_001,200,6.6333,197.0,156.0,193,152,10,10,198.0,157.0,true,1.414
SCN_001,201,6.6667,198.0,157.0,194,153,10,10,199.0,158.0,true,1.414
SCN_001,202,6.7,198.0,157.0,194,153,10,10,199.0,158.0,true,1.414
SCN_001,203,6.7333,199.0,157.0,195,153,10,10,200.0,158.0,true,1.414
SCN_001,204,6.7667,199.0,158.0,195,154,10,10,200.0,159.0,true,1.414
SCN_001,205,6.8,200.0,158.0,196,154,10,10,201.0,159.0,true,1.414
SCN_001,206,6.8333,200.0,158.0,196,154,10,10,201.0,159.0,true,1.414
SCN_001,207,6.8667,201.0,159.0,197,155,10,10,202.0,160.0,true,1.414
SCN_001,208,6.9,201.0,159.0,197,155,10,10,202.0,160.0,true,1.414
SCN_001,209,6.9333,202.0,159.0,198,155,10,10,203.0,160.0,true,1.414
SCN_001,210,6.9667,202.0,160.0,198,156,10,10,203.0,161.0,true,1.414
SCN_001,211,7.0,203.0,160.0,199,156,10,10,204.0,161.0,true,1.414
SCN_001,212,7.0333,203.0,160.0,199,156,10,10,204.0,161.0,true,1.414
SCN_001,213,7.0667,204.0,161.0,200,157,10,10,205.0,162.0,true,1.414
SCN_001,214,7.1,204.0,161.0,200,157,10,10,205.0,162.0,true,1.414
SCN_001,215,7.1333,205.0,161.0,201,157,10,10,206.0,162.0,true,1.414
SCN_001,216,7.1667,205.0,162.0,201,158,10,10,206.0,163.0,true,1.414
SCN_001,217,7.2,206.0,162.0,202,158,10,10,207.0,163.0,true,1.414
SCN_001,218,7.2333,206.0,162.0,202,158,10,10,207.0,163.0,true,1.414
SCN_001,219,7.2667,207.0,163.0,203,159,10,10,208.0,164.0,true,1.414
SCN_001,220,7.3,207.0,163.0,203,159,10,10,208.0,164.0,true,1.414
SCN_001,221,7.3333,208.0,163.0,204,159,10,10,209.0,164.0,true,1.414
SCN_001,222,7.3667,208.0,164.0,204,160,10,10,209.0,165.0,true,1.414
SCN_001,223,7.4,209.0,164.0,205,160,10,10,210.0,165.0,true,1.414
SCN_001,224,7.4333,209.0,164.0,205,160,10,10,210.0,165.0,true,1.414
SCN_001,225,7.4667,210.0,165.0,206,161,10,10,211.0,166.0,true,1.414
SCN_001,226,7.5,210.0,165.0,206,161,10,10,211.0,166.0,true,1.414
SCN_001,227,7.5333,211.0,165.0,207,161,10,10,212.0,166.0,true,1.414
SCN_001,228,7.5667,211.0,166.0,207,162,10,10,212.0,167.0,true,1.414
SCN_001,229,7.6,212.0,166.0,208,162,10,10,213.0,167.0,true,1.414
SCN_001,230,7.6333,212.0,166.0,208,162,10,10,213.0,167.0,true,1.414
SCN_001,231,7.6667,213.0,167.0,209,163,10,10,214.0,168.0,true,1.414
SCN_001,232,7.7,213.0,167.0,209,163,10,10,214.0,168.0,true,1.414
SCN_001,233,7.7333,214.0,167.0,210,163,10,10,215.0,168.0,true,1.414
SCN_001,234,7.7667,214.0,168.0,210,164,10,10,215.0,169.0,true,1.414
SCN_001,235,7.8,215.0,168.0,211,164,10,10,216.0,169.0,true,1.414
SCN_001,236,7.8333,215.0,168.0,211,164,10,10,216.0,169.0,true,1.414
SCN_001,237,7.8667,215.0,169.0,211,165,10,10,216.0,170.0,true,1.414
SCN_001,238,7.9,216.0,169.0,212,165,10,10,217.0,170.0,true,1.414
SCN_001,239,7.9333,216.0,169.0,212,165,10,10,217.0,170.0,true,1.414
SCN_001,240,7.9667,217.0,170.0,213,166,10,10,218.0,171.0,true,1.414
SCN_001,241,8.0,217.0,170.0,213,166,10,10,218.0,171.0,true,1.414
SCN_001,242,8.0333,218.0,170.0,214,166,10,10,219.0,171.0,true,1.414
SCN_001,243,8.0667,218.0,171.0,214,167,10,10,219.0,172.0,true,1.414
SCN_001,244,8.1,219.0,171.0,215,167,10,10,220.0,172.0,true,1.414
SCN_001,245,8.1333,219.0,171.0,215,167,10,10,220.0,172.0,true,1.414
SCN_001,246,8.1667,220.0,172.0,216,168,10,10,221.0,173.0,true,1.414
SCN_001,247,8.2,220.0,172.0,216,168,10,10,221.0,173.0,true,1.414
SCN_001,248,8.2333,221.0,172.0,217,168,10,10,222.0,173.0,true,1.414
SCN_001,249,8.2667,221.0,173.0,217,169,10,10,222.0,174.0,true,1.414
SCN_001,250,8.3,222.0,173.0,218,169,10,10,223.0,174.0,true,1.414
SCN_001,251,8.3333,222.0,173.0,218,169,10,10,223.0,174.0,true,1.414
SCN_001,252,8.3667,223.0,174.0,219,170,10,10,224.0,175.0,true,1.414
SCN_001,253,8.4,223.0,174.0,219,170,10,10,224.0,175.0,true,1.414
SCN_001,254,8.4333,224.0,174.0,220,170,10,10,225.0,175.0,true,1.414
SCN_001,255,8.4667,224.0,175.0,220,171,10,10,225.0,176.0,true,1.414
SCN_001,256,8.5,225.0,175.0,221,171,10,10,226.0,176.0,true,1.414
SCN_001,257,8.5333,225.0,175.0,221,171,10,10,226.0,176.0,true,1.414
SCN_001,258,8.5667,226.0,176.0,222,172,10,10,227.0,177.0,true,1.414
SCN_001,259,8.6,226.0,176.0,222,172,10,10,227.0,177.0,true,1.414
SCN_001,260,8.6333,227.0,176.0,223,172,10,10,228.0,177.0,true,1.414
SCN_001,261,8.6667,227.0,177.0,223,173,10,10,228.0,178.0,true,1.414
SCN_001,262,8.7,228.0,177.0,224,173,10,10,229.0,178.0,true,1.414
SCN_001,263,8.7333,228.0,177.0,224,173,10,10,229.0,178.0,true,1.414
SCN_001,264,8.7667,229.0,178.0,225,174,10,10,230.0,179.0,true,1.414
SCN_001,265,8.8,229.0,178.0,225,174,10,10,230.0,179.0,true,1.414
SCN_001,266,8.8333,230.0,178.0,226,174,10,10,231.0,179.0,true,1.414
SCN_001,267,8.8667,230.0,179.0,226,175,10,10,231.0,180.0,true,1.414
SCN_001,268,8.9,231.0,179.0,227,175,10,10,232.0,180.0,true,1.414
SCN_001,269,8.9333,231.0,179.0,227,175,10,10,232.0,180.0,true,1.414
SCN_001,270,8.9667,232.0,180.0,228,176,10,10,233.0,181.0,true,1.414
SCN_001,271,9.0,232.0,180.0,228,176,10,10,233.0,181.0,true,1.414
SCN_001,272,9.0333,233.0,180.0,229,176,10,10,234.0,181.0,true,1.414
SCN_001,273,9.0667,233.0,181.0,229,177,10,10,234.0,182.0,true,1.414
SCN_001,274,9.1,234.0,181.0,230,177,10,10,235.0,182.0,true,1.414
SCN_001,275,9.1333,234.0,181.0,230,177,10,10,235.0,182.0,true,1.414
SCN_001,276,9.1667,235.0,182.0,231,178,10,10,236.0,183.0,true,1.414
SCN_001,277,9.2,235.0,182.0,231,178,10,10,236.0,183.0,true,1.414
SCN_001,278,9.2333,236.0,182.0,232,178,10,10,237.0,183.0,true,1.414
SCN_001,279,9.2667,236.0,183.0,232,179,10,10,237.0,184.0,true,1.414
SCN_001,280,9.3,237.0,183.0,233,179,10,10,238.0,184.0,true,1.414
SCN_001,281,9.3333,237.0,183.0,233,179,10,10,238.0,184.0,true,1.414
SCN_001,282,9.3667,238.0,184.0,234,180,10,10,239.0,185.0,true,1.414
SCN_001,283,9.4,238.0,184.0,234,180,10,10,239.0,185.0,true,1.414
SCN_001,284,9.4333,239.0,184.0,235,180,10,10,240.0,185.0,true,1.414
SCN_001,285,9.4667,239.0,185.0,235,181,10,10,240.0,186.0,true,1.414
SCN_001,286,9.5,239.0,185.0,235,181,10,10,240.0,186.0,true,1.414
SCN_001,287,9.5333,240.0,185.0,236,181,10,10,241.0,186.0,true,1.414
SCN_001,288,9.5667,240.0,186.0,236,182,10,10,241.0,187.0,true,1.414
SCN_001,289,9.6,241.0,186.0,237,182,10,10,242.0,187.0,true,1.414
SCN_001,290,9.6333,241.0,186.0,237,182,10,10,242.0,187.0,true,1.414
SCN_001,291,9.6667,242.0,187.0,238,183,10,10,243.0,188.0,true,1.414
SCN_001,292,9.7,242.0,187.0,238,183,10,10,243.0,188.0,true,1.414
SCN_001,293,9.7333,243.0,187.0,239,183,10,10,244.0,188.0,true,1.414
SCN_001,294,9.7667,243.0,188.0,239,184,10,10,244.0,189.0,true,1.414
SCN_001,295,9.8,244.0,188.0,240,184,10,10,245.0,189.0,true,1.414
SCN_001,296,9.8333,244.0,188.0,240,184,10,10,245.0,189.0,true,1.414
SCN_001,297,9.8667,245.0,189.0,241,185,10,10,246.0,190.0,true,1.414
SCN_001,298,9.9,245.0,189.0,241,185,10,10,246.0,190.0,true,1.414
SCN_001,299,9.9333,246.0,189.0,242,185,10,10,247.0,190.0,true,1.414
SCN_001,300,9.9667,246.0,190.0,242,186,10,10,247.0,191.0,true,1.414
SCN_001,301,10.0,247.0,190.0,243,186,10,10,248.0,191.0,true,1.414
SCN_001,302,10.0333,247.0,190.0,243,186,10,10,248.0,191.0,true,1.414
SCN_001,303,10.0667,248.0,191.0,244,187,10,10,249.0,192.0,true,1.414
SCN_001,304,10.1,248.0,191.0,244,187,10,10,249.0,192.0,true,1.414
SCN_001,305,10.1333,249.0,191.0,245,187,10,10,250.0,192.0,true,1.414
SCN_001,306,10.1667,249.0,192.0,245,188,10,10,250.0,193.0,true,1.414
SCN_001,307,10.2,250.0,192.0,246,188,10,10,251.0,193.0,true,1.414
SCN_001,308,10.2333,250.0,192.0,246,188,10,10,251.0,193.0,true,1.414
SCN_001,309,10.2667,251.0,193.0,247,189,10,10,252.0,194.0,true,1.414
SCN_001,310,10.3,251.0,193.0,247,189,10,10,252.0,194.0,true,1.414
SCN_001,311,10.3333,252.0,193.0,248,189,10,10,253.0,194.0,true,1.414
SCN_001,312,10.3667,252.0,194.0,248,190,10,10,253.0,195.0,true,1.414
SCN_001,313,10.4,253.0,194.0,249,190,10,10,254.0,195.0,true,1.414
SCN_001,314,10.4333,253.0,194.0,249,190,10,10,254.0,195.0,true,1.414
SCN_001,315,10.4667,254.0,195.0,250,191,10,10,255.0,196.0,true,1.414
SCN_001,316,10.5,254.0,195.0,250,191,10,10,255.0,196.0,true,1.414
SCN_001,317,10.5333,255.0,195.0,251,191,10,10,256.0,196.0,true,1.414
SCN_001,318,10.5667,255.0,196.0,251,192,10,10,256.0,197.0,true,1.414
SCN_001,319,10.6,256.0,196.0,252,192,10,10,257.0,197.0,true,1.414
SCN_001,320,10.6333,256.0,196.0,252,192,10,10,257.0,197.0,true,1.414
SCN_001,321,10.6667,257.0,197.0,253,193,10,10,258.0,198.0,true,1.414
SCN_001,322,10.7,257.0,197.0,253,193,10,10,258.0,198.0,true,1.414
SCN_001,323,10.7333,258.0,197.0,254,193,10,10,259.0,198.0,true,1.414
SCN_001,324,10.7667,258.0,198.0,254,194,10,10,259.0,199.0,true,1.414
SCN_001,325,10.8,259.0,198.0,255,194,10,10,260.0,199.0,true,1.414
SCN_001,326,10.8333,259.0,198.0,255,194,10,10,260.0,199.0,true,1.414
SCN_001,327,10.8667,260.0,199.0,256,195,10,10,261.0,200.0,true,1.414
SCN_001,328,10.9,260.0,199.0,256,195,10,10,261.0,200.0,true,1.414
SCN_001,329,10.9333,261.0,199.0,257,195,10,10,262.0,200.0,true,1.414
SCN_001,330,10.9667,261.0,200.0,257,196,10,10,262.0,201.0,true,1.414
SCN_001,331,11.0,262.0,200.0,258,196,10,10,263.0,201.0,true,1.414
SCN_001,332,11.0333,262.0,200.0,258,196,10,10,263.0,201.0,true,1.414
SCN_001,333,11.0667,262.0,201.0,258,197,10,10,263.0,202.0,true,1.414
SCN_001,334,11.1,263.0,201.0,259,197,10,10,264.0,202.0,true,1.414
SCN_001,335,11.1333,263.0,201.0,259,197,10,10,264.0,202.0,true,1.414
SCN_001,336,11.1667,264.0,202.0,260,198,10,10,265.0,203.0,true,1.414
SCN_001,337,11.2,264.0,202.0,260,198,10,10,265.0,203.0,true,1.414
SCN_001,338,11.2333,265.0,202.0,261,198,10,10,266.0,203.0,true,1.414
SCN_001,339,11.2667,265.0,203.0,261,199,10,10,266.0,204.0,true,1.414
SCN_001,340,11.3,266.0,203.0,262,199,10,10,267.0,204.0,true,1.414
SCN_001,341,11.3333,266.0,203.0,262,199,10,10,267.0,204.0,true,1.414
SCN_001,342,11.3667,267.0,204.0,263,200,10,10,268.0,205.0,true,1.414
SCN_001,343,11.4,267.0,204.0,263,200,10,10,268.0,205.0,true,1.414
SCN_001,344,11.4333,268.0,204.0,264,200,10,10,269.0,205.0,true,1.414
SCN_001,345,11.4667,268.0,205.0,264,201,10,10,269.0,206.0,true,1.414
SCN_001,346,11.5,269.0,205.0,265,201,10,10,270.0,206.0,true,1.414
SCN_001,347,11.5333,269.0,205.0,265,201,10,10,270.0,206.0,true,1.414
SCN_001,348,11.5667,270.0,206.0,266,202,10,10,271.0,207.0,true,1.414
SCN_001,349,11.6,270.0,206.0,266,202,10,10,271.0,207.0,true,1.414
SCN_001,350,11.6333,271.0,206.0,267,202,10,10,272.0,207.0,true,1.414
SCN_001,351,11.6667,271.0,207.0,267,203,10,10,272.0,208.0,true,1.414
SCN_001,352,11.7,272.0,207.0,268,203,10,10,273.0,208.0,true,1.414
SCN_001,353,11.7333,272.0,207.0,268,203,10,10,273.0,208.0,true,1.414
SCN_001,354,11.7667,273.0,208.0,269,204,10,10,274.0,209.0,true,1.414
SCN_001,355,11.8,273.0,208.0,269,204,10,10,274.0,209.0,true,1.414
SCN_001,356,11.8333,274.0,208.0,270,204,10,10,275.0,209.0,true,1.414
SCN_001,357,11.8667,274.0,209.0,270,205,10,10,275.0,210.0,true,1.414
SCN_001,358,11.9,275.0,209.0,271,205,10,10,276.0,210.0,true,1.414
SCN_001,359,11.9333,275.0,209.0,271,205,10,10,276.0,210.0,true,1.414
SCN_001,360,11.9667,276.0,210.0,272,206,10,10,277.0,211.0,true,1.414
SCN_001,361,12.0,276.0,210.0,272,206,10,10,277.0,211.0,true,1.414
SCN_001,362,12.0333,277.0,210.0,273,206,10,10,278.0,211.0,true,1.414
SCN_001,363,12.0667,277.0,211.0,273,207,10,10,278.0,212.0,true,1.414
SCN_001,364,12.1,278.0,211.0,274,207,10,10,279.0,212.0,true,1.414
SCN_001,365,12.1333,278.0,211.0,274,207,10,10,279.0,212.0,true,1.414
SCN_001,366,12.1667,279.0,212.0,275,208,10,10,280.0,213.0,true,1.414
SCN_001,367,12.2,279.0,212.0,275,208,10,10,280.0,213.0,true,1.414
SCN_001,368,12.2333,280.0,212.0,276,208,10,10,281.0,213.0,true,1.414
SCN_001,369,12.2667,280.0,213.0,276,209,10,10,281.0,214.0,true,1.414
SCN_001,370,12.3,281.0,213.0,277,209,10,10,282.0,214.0,true,1.414
SCN_001,371,12.3333,281.0,213.0,277,209,10,10,282.0,214.0,true,1.414
SCN_001,372,12.3667,282.0,214.0,278,210,10,10,283.0,215.0,true,1.414
SCN_001,373,12.4,282.0,214.0,278,210,10,10,283.0,215.0,true,1.414
SCN_001,374,12.4333,283.0,214.0,279,210,10,10,284.0,215.0,true,1.414
SCN_001,375,12.4667,283.0,215.0,279,211,10,10,284.0,216.0,true,1.414
SCN_001,376,12.5,284.0,215.0,280,211,10,10,285.0,216.0,true,1.414
SCN_001,377,12.5333,284.0,215.0,280,211,10,10,285.0,216.0,true,1.414
SCN_001,378,12.5667,285.0,216.0,281,212,10,10,286.0,217.0,true,1.414
SCN_001,379,12.6,285.0,216.0,281,212,10,10,286.0,217.0,true,1.414
SCN_001,380,12.6333,285.0,216.0,281,212,10,10,286.0,217.0,true,1.414
SCN_001,381,12.6667,286.0,217.0,282,213,10,10,287.0,218.0,true,1.414
SCN_001,382,12.7,286.0,217.0,282,213,10,10,287.0,218.0,true,1.414
SCN_001,383,12.7333,287.0,217.0,283,213,10,10,288.0,218.0,true,1.414
SCN_001,384,12.7667,287.0,218.0,283,214,10,10,288.0,219.0,true,1.414
SCN_001,385,12.8,288.0,218.0,284,214,10,10,289.0,219.0,true,1.414
SCN_001,386,12.8333,288.0,218.0,284,214,10,10,289.0,219.0,true,1.414
SCN_001,387,12.8667,289.0,219.0,285,215,10,10,290.0,220.0,true,1.414
SCN_001,388,12.9,289.0,219.0,285,215,10,10,290.0,220.0,true,1.414
SCN_001,389,12.9333,290.0,219.0,286,215,10,10,291.0,220.0,true,1.414
SCN_001,390,12.9667,290.0,220.0,286,216,10,10,291.0,221.0,true,1.414
SCN_001,391,13.0,291.0,220.0,287,216,10,10,292.0,221.0,true,1.414
SCN_001,392,13.0333,291.0,220.0,287,216,10,10,292.0,221.0,true,1.414
SCN_001,393,13.0667,292.0,221.0,288,217,10,10,293.0,222.0,true,1.414
SCN_001,394,13.1,292.0,221.0,288,217,10,10,293.0,222.0,true,1.414
SCN_001,395,13.1333,293.0,221.0,289,217,10,10,294.0,222.0,true,1.414
SCN_001,396,13.1667,293.0,222.0,289,218,10,10,294.0,223.0,true,1.414
SCN_001,397,13.2,294.0,222.0,290,218,10,10,295.0,223.0,true,1.414
SCN_001,398,13.2333,294.0,222.0,290,218,10,10,295.0,223.0,true,1.414
SCN_001,399,13.2667,295.0,223.0,291,219,10,10,296.0,224.0,true,1.414
SCN_001,400,13.3,295.0,223.0,291,219,10,10,296.0,224.0,true,1.414
SCN_001,401,13.3333,296.0,223.0,292,219,10,10,297.0,224.0,true,1.414
SCN_001,402,13.3667,296.0,224.0,292,220,10,10,297.0,225.0,true,1.414
SCN_001,403,13.4,297.0,224.0,293,220,10,10,298.0,225.0,true,1.414
SCN_001,404,13.4333,297.0,224.0,293,220,10,10,298.0,225.0,true,1.414
SCN_001,405,13.4667,298.0,225.0,294,221,10,10,299.0,226.0,true,1.414
SCN_001,406,13.5,298.0,225.0,294,221,10,10,299.0,226.0,true,1.414
SCN_001,407,13.5333,299.0,225.0,295,221,10,10,300.0,226.0,true,1.414
SCN_001,408,13.5667,299.0,226.0,295,222,10,10,300.0,227.0,true,1.414
SCN_001,409,13.6,300.0,226.0,296,222,10,10,301.0,227.0,true,1.414
SCN_001,410,13.6333,300.0,226.0,296,222,10,10,301.0,227.0,true,1.414
SCN_001,411,13.6667,301.0,227.0,297,223,10,10,302.0,228.0,true,1.414
SCN_001,412,13.7,301.0,227.0,297,223,10,10,302.0,228.0,true,1.414
SCN_001,413,13.7333,302.0,227.0,298,223,10,10,303.0,228.0,true,1.414
SCN_001,414,13.7667,302.0,228.0,298,224,10,10,303.0,229.0,true,1.414
SCN_001,415,13.8,303.0,228.0,299,224,10,10,304.0,229.0,true,1.414
SCN_001,416,13.8333,303.0,228.0,299,224,10,10,304.0,229.0,true,1.414
SCN_001,417,13.8667,304.0,229.0,300,225,10,10,305.0,230.0,true,1.414
SCN_001,418,13.9,304.0,229.0,300,225,10,10,305.0,230.0,true,1.414
SCN_001,419,13.9333,305.0,229.0,301,225,10,10,306.0,230.0,true,1.414
SCN_001,420,13.9667,305.0,230.0,301,226,10,10,306.0,231.0,true,1.414
SCN_001,421,14.0,306.0,230.0,302,226,10,10,307.0,231.0,true,1.414
SCN_001,422,14.0333,306.0,230.0,302,226,10,10,307.0,231.0,true,1.414
SCN_001,423,14.0667,307.0,231.0,303,227,10,10,308.0,232.0,true,1.414
SCN_001,424,14.1,307.0,231.0,303,227,10,10,308.0,232.0,true,1.414
SCN_001,425,14.1333,308.0,231.0,304,227,10,10,309.0,232.0,true,1.414
SCN_001,426,14.1667,308.0,232.0,304,228,10,10,309.0,233.0,true,1.414
SCN_001,427,14.2,308.0,232.0,304,228,10,10,309.0,233.0,true,1.414
SCN_001,428,14.2333,309.0,232.0,305,228,10,10,310.0,233.0,true,1.414
SCN_001,429,14.2667,309.0,233.0,305,229,10,10,310.0,234.0,true,1.414
SCN_001,430,14.3,310.0,233.0,306,229,10,10,311.0,234.0,true,1.414
SCN_001,431,14.3333,310.0,233.0,306,229,10,10,311.0,234.0,true,1.414
SCN_001,432,14.3667,311.0,234.0,307,230,10,10,312.0,235.0,true,1.414
SCN_001,433,14.4,311.0,234.0,307,230,10,10,312.0,235.0,true,1.414
SCN_001,434,14.4333,312.0,234.0,308,230,10,10,313.0,235.0,true,1.414
SCN_001,435,14.4667,312.0,235.0,308,231,10,10,313.0,236.0,true,1.414
SCN_001,436,14.5,313.0,235.0,309,231,10,10,314.0,236.0,true,1.414
SCN_001,437,14.5333,313.0,235.0,309,231,10,10,314.0,236.0,true,1.414
SCN_001,438,14.5667,314.0,236.0,310,232,10,10,315.0,237.0,true,1.414
SCN_001,439,14.6,314.0,236.0,310,232,10,10,315.0,237.0,true,1.414
SCN_001,440,14.6333,315.0,236.0,311,232,10,10,316.0,237.0,true,1.414
SCN_001,441,14.6667,315.0,237.0,311,233,10,10,316.0,238.0,true,1.414
SCN_001,442,14.7,316.0,237.0,312,233,10,10,317.0,238.0,true,1.414
SCN_001,443,14.7333,316.0,237.0,312,233,10,10,317.0,238.0,true,1.414
SCN_001,444,14.7667,317.0,238.0,313,234,10,10,318.0,239.0,true,1.414
SCN_001,445,14.8,317.0,238.0,313,234,10,10,318.0,239.0,true,1.414
SCN_001,446,14.8333,318.0,238.0,314,234,10,10,319.0,239.0,true,1.414
SCN_001,447,14.8667,318.0,239.0,314,235,10,10,319.0,240.0,true,1.414
SCN_001,448,14.9,319.0,239.0,315,235,10,10,320.0,240.0,true,1.414
SCN_001,449,14.9333,319.0,239.0,315,235,10,10,320.0,240.0,true,1.414
SCN_001,450,14.9667,320.0,240.0,316,236,10,10,321.0,241.0,true,1.414
SCN_001,451,15.0,320.0,240.0,316,236,10,10,321.0,241.0,true,1.414
SCN_001,452,15.0333,321.0,240.0,317,236,10,10,322.0,241.0,true,1.414
SCN_001,453,15.0667,321.0,241.0,317,237,10,10,322.0,242.0,true,1.414
SCN_001,454,15.1,322.0,241.0,318,237,10,10,323.0,242.0,true,1.414
SCN_001,455,15.1333,322.0,241.0,318,237,10,10,323.0,242.0,true,1.414
SCN_001,456,15.1667,323.0,242.0,319,238,10,10,324.0,243.0,true,1.414
SCN_001,457,15.2,323.0,242.0,319,238,10,10,324.0,243.0,true,1.414
SCN_001,458,15.2333,324.0,242.0,320,238,10,10,325.0,243.0,true,1.414
SCN_001,459,15.2667,324.0,243.0,320,239,10,10,325.0,244.0,true,1.414
SCN_001,460,15.3,325.0,243.0,321,239,10,10,326.0,244.0,true,1.414
SCN_001,461,15.3333,325.0,243.0,321,239,10,10,326.0,244.0,true,1.414
SCN_001,462,15.3667,326.0,244.0,322,240,10,10,327.0,245.0,true,1.414
SCN_001,463,15.4,326.0,244.0,322,240,10,10,327.0,245.0,true,1.414
SCN_001,464,15.4333,327.0,244.0,323,240,10,10,328.0,245.0,true,1.414
SCN_001,465,15.4667,327.0,245.0,323,241,10,10,328.0,246.0,true,1.414
SCN_001,466,15.5,328.0,245.0,324,241,10,10,329.0,246.0,true,1.414
SCN_001,467,15.5333,328.0,245.0,324,241,10,10,329.0,246.0,true,1.414
SCN_001,468,15.5667,329.0,246.0,325,242,10,10,330.0,247.0,true,1.414
SCN_001,469,15.6,329.0,246.0,325,242,10,10,330.0,247.0,true,1.414
SCN_001,470,15.6333,330.0,246.0,326,242,10,10,331.0,247.0,true,1.414
SCN_001,471,15.6667,330.0,247.0,326,243,10,10,331.0,248.0,true,1.414
SCN_001,472,15.7,331.0,247.0,327,243,10,10,332.0,248.0,true,1.414
SCN_001,473,15.7333,331.0,247.0,327,243,10,10,332.0,248.0,true,1.414
SCN_001,474,15.7667,331.0,248.0,327,244,10,10,332.0,249.0,true,1.414
SCN_001,475,15.8,332.0,248.0,328,244,10,10,333.0,249.0,true,1.414
SCN_001,476,15.8333,332.0,248.0,328,244,10,10,333.0,249.0,true,1.414
SCN_001,477,15.8667,333.0,249.0,329,245,10,10,334.0,250.0,true,1.414
SCN_001,478,15.9,333.0,249.0,329,245,10,10,334.0,250.0,true,1.414
SCN_001,479,15.9333,334.0,250.0,330,246,10,10,335.0,251.0,true,1.414
SCN_001,480,15.9667,334.0,250.0,330,246,10,10,335.0,251.0,true,1.414
SCN_001,481,16.0,335.0,250.0,331,246,10,10,336.0,251.0,true,1.414
SCN_001,482,16.0333,335.0,251.0,331,247,10,10,336.0,252.0,true,1.414
SCN_001,483,16.0667,336.0,251.0,332,247,10,10,337.0,252.0,true,1.414
SCN_001,484,16.1,336.0,251.0,332,247,10,10,337.0,252.0,true,1.414
SCN_001,485,16.1333,337.0,252.0,333,248,10,10,338.0,253.0,true,1.414
SCN_001,486,16.1667,337.0,252.0,333,248,10,10,338.0,253.0,true,1.414
SCN_001,487,16.2,338.0,252.0,334,248,10,10,339.0,253.0,true,1.414
SCN_001,488,16.2333,338.0,253.0,334,249,10,10,339.0,254.0,true,1.414
SCN_001,489,16.2667,339.0,253.0,335,249,10,10,340.0,254.0,true,1.414
SCN_001,490,16.3,339.0,253.0,335,249,10,10,340.0,254.0,true,1.414
SCN_001,491,16.3333,340.0,254.0,336,250,10,10,341.0,255.0,true,1.414
SCN_001,492,16.3667,340.0,254.0,336,250,10,10,341.0,255.0,true,1.414
SCN_001,493,16.4,341.0,254.0,337,250,10,10,342.0,255.0,true,1.414
SCN_001,494,16.4333,341.0,255.0,337,251,10,10,342.0,256.0,true,1.414
SCN_001,495,16.4667,342.0,255.0,338,251,10,10,343.0,256.0,true,1.414
SCN_001,496,16.5,342.0,255.0,338,251,10,10,343.0,256.0,true,1.414
SCN_001,497,16.5333,343.0,256.0,339,252,10,10,344.0,257.0,true,1.414
SCN_001,498,16.5667,343.0,256.0,339,252,10,10,344.0,257.0,true,1.414
SCN_001,499,16.6,344.0,256.0,340,252,10,10,345.0,257.0,true,1.414
SCN_001,500,16.6333,344.0,257.0,340,253,10,10,345.0,258.0,true,1.414
SCN_001,501,16.6667,345.0,257.0,341,253,10,10,346.0,258.0,true,1.414
SCN_001,502,16.7,345.0,257.0,341,253,10,10,346.0,258.0,true,1.414
SCN_001,503,16.7333,346.0,258.0,342,254,10,10,347.0,259.0,true,1.414
SCN_001,504,16.7667,346.0,258.0,342,254,10,10,347.0,259.0,true,1.414
SCN_001,505,16.8,347.0,258.0,343,254,10,10,348.0,259.0,true,1.414
SCN_001,506,16.8333,347.0,259.0,343,255,10,10,348.0,260.0,true,1.414
SCN_001,507,16.8667,348.0,259.0,344,255,10,10,349.0,260.0,true,1.414
SCN_001,508,16.9,348.0,259.0,344,255,10,10,349.0,260.0,true,1.414
SCN_001,509,16.9333,349.0,260.0,345,256,10,10,350.0,261.0,true,1.414
SCN_001,510,16.9667,349.0,260.0,345,256,10,10,350.0,261.0,true,1.414
SCN_001,511,17.0,350.0,260.0,346,256,10,10,351.0,261.0,true,1.414
SCN_001,512,17.0333,350.0,261.0,346,257,10,10,351.0,262.0,true,1.414
SCN_001,513,17.0667,351.0,261.0,347,257,10,10,352.0,262.0,true,1.414
SCN_001,514,17.1,351.0,261.0,347,257,10,10,352.0,262.0,true,1.414
SCN_001,515,17.1333,352.0,262.0,348,258,10,10,353.0,263.0,true,1.414
SCN_001,516,17.1667,352.0,262.0,348,258,10,10,353.0,263.0,true,1.414
SCN_001,517,17.2,353.0,262.0,349,258,10,10,354.0,263.0,true,1.414
SCN_001,518,17.2333,353.0,263.0,349,259,10,10,354.0,264.0,true,1.414
SCN_001,519,17.2667,354.0,263.0,350,259,10,10,355.0,264.0,true,1.414
SCN_001,520,17.3,354.0,263.0,350,259,10,10,355.0,264.0,true,1.414
SCN_001,521,17.3333,354.0,264.0,350,260,10,10,355.0,265.0,true,1.414
SCN_001,522,17.3667,355.0,264.0,351,260,10,10,356.0,265.0,true,1.414
SCN_001,523,17.4,355.0,264.0,351,260,10,10,356.0,265.0,true,1.414
SCN_001,524,17.4333,356.0,265.0,352,261,10,10,357.0,266.0,true,1.414
SCN_001,525,17.4667,356.0,265.0,352,261,10,10,357.0,266.0,true,1.414
SCN_001,526,17.5,357.0,265.0,353,261,10,10,358.0,266.0,true,1.414
SCN_001,527,17.5333,357.0,266.0,353,262,10,10,358.0,267.0,true,1.414
SCN_001,528,17.5667,358.0,266.0,354,262,10,10,359.0,267.0,true,1.414
SCN_001,529,17.6,358.0,266.0,354,262,10,10,359.0,267.0,true,1.414
SCN_001,530,17.6333,359.0,267.0,355,263,10,10,360.0,268.0,true,1.414
SCN_001,531,17.6667,359.0,267.0,355,263,10,10,360.0,268.0,true,1.414
SCN_001,532,17.7,360.0,267.0,356,263,10,10,361.0,268.0,true,1.414
SCN_001,533,17.7333,360.0,268.0,356,264,10,10,361.0,269.0,true,1.414
SCN_001,534,17.7667,361.0,268.0,357,264,10,10,362.0,269.0,true,1.414
SCN_001,535,17.8,361.0,268.0,357,264,10,10,362.0,269.0,true,1.414
SCN_001,536,17.8333,362.0,269.0,358,265,10,10,363.0,270.0,true,1.414
SCN_001,537,17.8667,362.0,269.0,358,265,10,10,363.0,270.0,true,1.414
SCN_001,538,17.9,363.0,269.0,359,265,10,10,364.0,270.0,true,1.414
SCN_001,539,17.9333,363.0,270.0,359,266,10,10,364.0,271.0,true,1.414
SCN_001,540,17.9667,364.0,270.0,360,266,10,10,365.0,271.0,true,1.414
SCN_001,541,18.0,364.0,270.0,360,266,10,10,365.0,271.0,true,1.414
SCN_001,542,18.0333,365.0,271.0,361,267,10,10,366.0,272.0,true,1.414
SCN_001,543,18.0667,365.0,271.0,361,267,10,10,366.0,272.0,true,1.414
SCN_001,544,18.1,366.0,271.0,362,267,10,10,367.0,272.0,true,1.414
SCN_001,545,18.1333,366.0,272.0,362,268,10,10,367.0,273.0,true,1.414
SCN_001,546,18.1667,367.0,272.0,363,268,10,10,368.0,273.0,true,1.414
SCN_001,547,18.2,367.0,272.0,363,268,10,10,368.0,273.0,true,1.414
SCN_001,548,18.2333,368.0,273.0,364,269,10,10,369.0,274.0,true,1.414
SCN_001,549,18.2667,368.0,273.0,364,269,10,10,369.0,274.0,true,1.414
SCN_001,550,18.3,369.0,273.0,365,269,10,10,370.0,274.0,true,1.414
SCN_001,551,18.3333,369.0,274.0,365,270,10,10,370.0,275.0,true,1.414
SCN_001,552,18.3667,370.0,274.0,366,270,10,10,371.0,275.0,true,1.414
SCN_001,553,18.4,370.0,274.0,366,270,10,10,371.0,275.0,true,1.414
SCN_001,554,18.4333,371.0,275.0,367,271,10,10,372.0,276.0,true,1.414
SCN_001,555,18.4667,371.0,275.0,367,271,10,10,372.0,276.0,true,1.414
SCN_001,556,18.5,372.0,275.0,368,271,10,10,373.0,276.0,true,1.414
SCN_001,557,18.5333,372.0,276.0,368,272,10,10,373.0,277.0,true,1.414
SCN_001,558,18.5667,373.0,276.0,369,272,10,10,374.0,277.0,true,1.414
SCN_001,559,18.6,373.0,276.0,369,272,10,10,374.0,277.0,true,1.414
SCN_001,560,18.6333,374.0,277.0,370,273,10,10,375.0,278.0,true,1.414
SCN_001,561,18.6667,374.0,277.0,370,273,10,10,375.0,278.0,true,1.414
SCN_001,562,18.7,375.0,277.0,371,273,10,10,376.0,278.0,true,1.414
SCN_001,563,18.7333,375.0,278.0,371,274,10,10,376.0,279.0,true,1.414
SCN_001,564,18.7667,376.0,278.0,372,274,10,10,377.0,279.0,true,1.414
SCN_001,565,18.8,376.0,278.0,372,274,10,10,377.0,279.0,true,1.414
SCN_001,566,18.8333,377.0,279.0,373,275,10,10,378.0,280.0,true,1.414
SCN_001,567,18.8667,377.0,279.0,373,275,10,10,378.0,280.0,true,1.414
SCN_001,568,18.9,377.0,279.0,373,275,10,10,378.0,280.0,true,1.414
SCN_001,569,18.9333,378.0,280.0,374,276,10,10,379.0,281.0,true,1.414
SCN_001,570,18.9667,378.0,280.0,374,276,10,10,379.0,281.0,true,1.414
SCN_001,571,19.0,379.0,280.0,375,276,10,10,380.0,281.0,true,1.414
SCN_001,572,19.0333,379.0,281.0,375,277,10,10,380.0,282.0,true,1.414
SCN_001,573,19.0667,380.0,281.0,376,277,10,10,381.0,282.0,true,1.414
SCN_001,574,19.1,380.0,281.0,376,277,10,10,381.0,282.0,true,1.414
SCN_001,575,19.1333,381.0,282.0,377,278,10,10,382.0,283.0,true,1.414
SCN_001,576,19.1667,381.0,282.0,377,278,10,10,382.0,283.0,true,1.414
SCN_001,577,19.2,382.0,282.0,378,278,10,10,383.0,283.0,true,1.414
SCN_001,578,19.2333,382.0,283.0,378,279,10,10,383.0,284.0,true,1.414
SCN_001,579,19.2667,383.0,283.0,379,279,10,10,384.0,284.0,true,1.414
SCN_001,580,19.3,383.0,283.0,379,279,10,10,384.0,284.0,true,1.414
SCN_001,581,19.3333,384.0,284.0,380,280,10,10,385.0,285.0,true,1.414
SCN_001,582,19.3667,384.0,284.0,380,280,10,10,385.0,285.0,true,1.414
SCN_001,583,19.4,385.0,284.0,381,280,10,10,386.0,285.0,true,1.414
SCN_001,584,19.4333,385.0,285.0,381,281,10,10,386.0,286.0,true,1.414
SCN_001,585,19.4667,386.0,285.0,382,281,10,10,387.0,286.0,true,1.414
SCN_001,586,19.5,386.0,285.0,382,281,10,10,387.0,286.0,true,1.414
SCN_001,587,19.5333,387.0,286.0,383,282,10,10,388.0,287.0,true,1.414
SCN_001,588,19.5667,387.0,286.0,383,282,10,10,388.0,287.0,true,1.414
SCN_001,589,19.6,388.0,286.0,384,282,10,10,389.0,287.0,true,1.414
SCN_001,590,19.6333,388.0,287.0,384,283,10,10,389.0,288.0,true,1.414
SCN_001,591,19.6667,389.0,287.0,385,283,10,10,390.0,288.0,true,1.414
SCN_001,592,19.7,389.0,287.0,385,283,10,10,390.0,288.0,true,1.414
SCN_001,593,19.7333,390.0,288.0,386,284,10,10,391.0,289.0,true,1.414
SCN_001,594,19.7667,390.0,288.0,386,284,10,10,391.0,289.0,true,1.414
SCN_001,595,19.8,391.0,288.0,387,284,10,10,392.0,289.0,true,1.414
SCN_001,596,19.8333,391.0,289.0,387,285,10,10,392.0,290.0,true,1.414
SCN_001,597,19.8667,392.0,289.0,388,285,10,10,393.0,290.0,true,1.414
SCN_001,598,19.9,392.0,289.0,388,285,10,10,393.0,290.0,true,1.414
SCN_001,599,19.9333,393.0,290.0,389,286,10,10,394.0,291.0,true,1.414
SCN_001,600,19.9667,393.0,290.0,389,286,10,10,394.0,291.0,true,1.414
SCN_001,601,20.0,394.0,290.0,390,286,10,10,395.0,291.0,true,1.414
SCN_001,602,20.0333,394.0,291.0,390,287,10,10,395.0,292.0,true,1.414
SCN_001,603,20.0667,395.0,291.0,391,287,10,10,396.0,292.0,true,1.414
SCN_001,604,20.1,395.0,291.0,391,287,10,10,396.0,292.0,true,1.414
SCN_001,605,20.1333,396.0,292.0,392,288,10,10,397.0,293.0,true,1.414
SCN_001,606,20.1667,396.0,292.0,392,288,10,10,397.0,293.0,true,1.414
SCN_001,607,20.2,397.0,292.0,393,288,10,10,398.0,293.0,true,1.414
SCN_001,608,20.2333,397.0,293.0,393,289,10,10,398.0,294.0,true,1.414
SCN_001,609,20.2667,398.0,293.0,394,289,10,10,399.0,294.0,true,1.414
SCN_001,610,20.3,398.0,293.0,394,289,10,10,399.0,294.0,true,1.414
SCN_001,611,20.3333,399.0,294.0,395,290,10,10,400.0,295.0,true,1.414
SCN_001,612,20.3667,399.0,294.0,395,290,10,10,400.0,295.0,true,1.414
SCN_001,613,20.4,400.0,294.0,396,290,10,10,401.0,295.0,true,1.414
SCN_001,614,20.4333,400.0,295.0,396,291,10,10,401.0,296.0,true,1.414
SCN_001,615,20.4667,400.0,295.0,396,291,10,10,401.0,296.0,true,1.414
SCN_001,616,20.5,401.0,295.0,397,291,10,10,402.0,296.0,true,1.414
SCN_001,617,20.5333,401.0,296.0,397,292,10,10,402.0,297.0,true,1.414
SCN_001,618,20.5667,402.0,296.0,398,292,10,10,403.0,297.0,true,1.414
SCN_001,619,20.6,402.0,296.0,398,292,10,10,403.0,297.0,true,1.414
SCN_001,620,20.6333,403.0,297.0,399,293,10,10,404.0,298.0,true,1.414
SCN_001,621,20.6667,403.0,297.0,399,293,10,10,404.0,298.0,true,1.414
SCN_001,622,20.7,404.0,297.0,400,293,10,10,405.0,298.0,true,1.414
SCN_001,623,20.7333,404.0,298.0,400,294,10,10,405.0,299.0,true,1.414
SCN_001,624,20.7667,405.0,298.0,401,294,10,10,406.0,299.0,true,1.414
SCN_001,625,20.8,405.0,298.0,401,294,10,10,406.0,299.0,true,1.414
SCN_001,626,20.8333,406.0,299.0,402,295,10,10,407.0,300.0,true,1.414
SCN_001,627,20.8667,406.0,299.0,402,295,10,10,407.0,300.0,true,1.414
SCN_001,628,20.9,407.0,299.0,403,295,10,10,408.0,300.0,true,1.414
SCN_001,629,20.9333,407.0,300.0,403,296,10,10,408.0,301.0,true,1.414
SCN_001,630,20.9667,408.0,300.0,404,296,10,10,409.0,301.0,true,1.414
SCN_001,631,21.0,408.0,300.0,404,296,10,10,409.0,301.0,true,1.414
SCN_001,632,21.0333,409.0,301.0,405,297,10,10,410.0,302.0,true,1.414
SCN_001,633,21.0667,409.0,301.0,405,297,10,10,410.0,302.0,true,1.414
SCN_001,634,21.1,410.0,301.0,406,297,10,10,411.0,302.0,true,1.414
SCN_001,635,21.1333,410.0,302.0,406,298,10,10,411.0,303.0,true,1.414
SCN_001,636,21.1667,411.0,302.0,407,298,10,10,412.0,303.0,true,1.414
SCN_001,637,21.2,411.0,302.0,407,298,10,10,412.0,303.0,true,1.414
SCN_001,638,21.2333,412.0,303.0,408,299,10,10,413.0,304.0,true,1.414
SCN_001,639,21.2667,412.0,303.0,408,299,10,10,413.0,304.0,true,1.414
SCN_001,640,21.3,413.0,303.0,409,299,10,10,414.0,304.0,true,1.414
SCN_001,641,21.3333,413.0,304.0,409,300,10,10,414.0,305.0,true,1.414
SCN_001,642,21.3667,414.0,304.0,410,300,10,10,415.0,305.0,true,1.414
SCN_001,643,21.4,414.0,304.0,410,300,10,10,415.0,305.0,true,1.414
SCN_001,644,21.4333,415.0,305.0,411,301,10,10,416.0,306.0,true,1.414
SCN_001,645,21.4667,415.0,305.0,411,301,10,10,416.0,306.0,true,1.414
SCN_001,646,21.5,416.0,305.0,412,301,10,10,417.0,306.0,true,1.414
SCN_001,647,21.5333,416.0,306.0,412,302,10,10,417.0,307.0,true,1.414
SCN_001,648,21.5667,417.0,306.0,413,302,10,10,418.0,307.0,true,1.414
SCN_001,649,21.6,417.0,306.0,413,302,10,10,418.0,307.0,true,1.414
SCN_001,650,21.6333,418.0,307.0,414,303,10,10,419.0,308.0,true,1.414
SCN_001,651,21.6667,418.0,307.0,414,303,10,10,419.0,308.0,true,1.414
SCN_001,652,21.7,419.0,307.0,415,303,10,10,420.0,308.0,true,1.414
SCN_001,653,21.7333,419.0,308.0,415,304,10,10,420.0,309.0,true,1.414
SCN_001,654,21.7667,420.0,308.0,416,304,10,10,421.0,309.0,true,1.414
SCN_001,655,21.8,420.0,308.0,416,304,10,10,421.0,309.0,true,1.414
SCN_001,656,21.8333,421.0,309.0,417,305,10,10,422.0,310.0,true,1.414
SCN_001,657,21.8667,421.0,309.0,417,305,10,10,422.0,310.0,true,1.414
SCN_001,658,21.9,422.0,309.0,418,305,10,10,423.0,310.0,true,1.414
SCN_001,659,21.9333,422.0,310.0,418,306,10,10,423.0,311.0,true,1.414
SCN_001,660,21.9667,423.0,310.0,419,306,10,10,424.0,311.0,true,1.414
SCN_001,661,22.0,423.0,310.0,419,306,10,10,424.0,311.0,true,1.414
SCN_001,662,22.0333,423.0,311.0,419,307,10,10,424.0,312.0,true,1.414
SCN_001,663,22.0667,424.0,311.0,420,307,10,10,425.0,312.0,true,1.414
SCN_001,664,22.1,424.0,311.0,420,307,10,10,425.0,312.0,true,1.414
SCN_001,665,22.1333,425.0,312.0,421,308,10,10,426.0,313.0,true,1.414
SCN_001,666,22.1667,425.0,312.0,421,308,10,10,426.0,313.0,true,1.414
SCN_001,667,22.2,426.0,312.0,422,308,10,10,427.0,313.0,true,1.414
SCN_001,668,22.2333,426.0,313.0,422,309,10,10,427.0,314.0,true,1.414
SCN_001,669,22.2667,427.0,313.0,423,309,10,10,428.0,314.0,true,1.414
SCN_001,670,22.3,427.0,313.0,423,309,10,10,428.0,314.0,true,1.414
SCN_001,671,22.3333,428.0,314.0,424,310,10,10,429.0,315.0,true,1.414
SCN_001,672,22.3667,428.0,314.0,424,310,10,10,429.0,315.0,true,1.414
SCN_001,673,22.4,429.0,314.0,425,310,10,10,430.0,315.0,true,1.414
SCN_001,674,22.4333,429.0,315.0,425,311,10,10,430.0,316.0,true,1.414
SCN_001,675,22.4667,430.0,315.0,426,311,10,10,431.0,316.0,true,1.414
SCN_001,676,22.5,430.0,315.0,426,311,10,10,431.0,316.0,true,1.414
SCN_001,677,22.5333,431.0,316.0,427,312,10,10,432.0,317.0,true,1.414
SCN_001,678,22.5667,431.0,316.0,427,312,10,10,432.0,317.0,true,1.414
SCN_001,679,22.6,432.0,316.0,428,312,10,10,433.0,317.0,true,1.414
SCN_001,680,22.6333,432.0,317.0,428,313,10,10,433.0,318.0,true,1.414
SCN_001,681,22.6667,433.0,317.0,429,313,10,10,434.0,318.0,true,1.414
SCN_001,682,22.7,433.0,317.0,429,313,10,10,434.0,318.0,true,1.414
SCN_001,683,22.7333,434.0,318.0,430,314,10,10,435.0,319.0,true,1.414
SCN_001,684,22.7667,434.0,318.0,430,314,10,10,435.0,319.0,true,1.414
SCN_001,685,22.8,435.0,318.0,431,314,10,10,436.0,319.0,true,1.414
SCN_001,686,22.8333,435.0,319.0,431,315,10,10,436.0,320.0,true,1.414
SCN_001,687,22.8667,436.0,319.0,432,315,10,10,437.0,320.0,true,1.414
SCN_001,688,22.9,436.0,319.0,432,315,10,10,437.0,320.0,true,1.414
SCN_001,689,22.9333,437.0,320.0,433,316,10,10,438.0,321.0,true,1.414
SCN_001,690,22.9667,437.0,320.0,433,316,10,10,438.0,321.0,true,1.414
SCN_001,691,23.0,438.0,320.0,434,316,10,10,439.0,321.0,true,1.414
SCN_001,692,23.0333,438.0,321.0,434,317,10,10,439.0,322.0,true,1.414
SCN_001,693,23.0667,439.0,321.0,435,317,10,10,440.0,322.0,true,1.414
SCN_001,694,23.1,439.0,321.0,435,317,10,10,440.0,322.0,true,1.414
SCN_001,695,23.1333,440.0,322.0,436,318,10,10,441.0,323.0,true,1.414
SCN_001,696,23.1667,440.0,322.0,436,318,10,10,441.0,323.0,true,1.414
SCN_001,697,23.2,441.0,322.0,437,318,10,10,442.0,323.0,true,1.414
SCN_001,698,23.2333,441.0,323.0,437,319,10,10,442.0,324.0,true,1.414
SCN_001,699,23.2667,442.0,323.0,438,319,10,10,443.0,324.0,true,1.414
SCN_001,700,23.3,442.0,323.0,438,319,10,10,443.0,324.0,true,1.414
SCN_001,701,23.3333,443.0,324.0,439,320,10,10,444.0,325.0,true,1.414
SCN_001,702,23.3667,443.0,324.0,439,320,10,10,444.0,325.0,true,1.414
SCN_001,703,23.4,444.0,324.0,440,320,10,10,445.0,325.0,true,1.414
SCN_001,704,23.4333,444.0,325.0,440,321,10,10,445.0,326.0,true,1.414
SCN_001,705,23.4667,445.0,325.0,441,321,10,10,446.0,326.0,true,1.414
SCN_001,706,23.5,445.0,325.0,441,321,10,10,446.0,326.0,true,1.414
SCN_001,707,23.5333,446.0,326.0,442,322,10,10,447.0,327.0,true,1.414
SCN_001,708,23.5667,446.0,326.0,442,322,10,10,447.0,327.0,true,1.414
SCN_001,709,23.6,446.0,326.0,442,322,10,10,447.0,327.0,true,1.414
SCN_001,710,23.6333,447.0,327.0,443,323,10,10,448.0,328.0,true,1.414
SCN_001,711,23.6667,447.0,327.0,443,323,10,10,448.0,328.0,true,1.414
SCN_001,712,23.7,448.0,327.0,444,323,10,10,449.0,328.0,true,1.414
SCN_001,713,23.7333,448.0,328.0,444,324,10,10,449.0,329.0,true,1.414
SCN_001,714,23.7667,449.0,328.0,445,324,10,10,450.0,329.0,true,1.414
SCN_001,715,23.8,449.0,328.0,445,324,10,10,450.0,329.0,true,1.414
SCN_001,716,23.8333,450.0,329.0,446,325,10,10,451.0,330.0,true,1.414
SCN_001,717,23.8667,450.0,329.0,446,325,10,10,451.0,330.0,true,1.414
SCN_001,718,23.9,451.0,329.0,447,325,10,10,452.0,330.0,true,1.414
SCN_001,719,23.9333,451.0,330.0,447,326,10,10,452.0,331.0,true,1.414
SCN_001,720,23.9667,452.0,330.0,448,326,10,10,453.0,331.0,true,1.414
SCN_001,721,24.0,452.0,330.0,448,326,10,10,453.0,331.0,true,1.414
SCN_001,722,24.0333,453.0,331.0,449,327,10,10,454.0,332.0,true,1.414
SCN_001,723,24.0667,453.0,331.0,449,327,10,10,454.0,332.0,true,1.414
SCN_001,724,24.1,454.0,331.0,450,327,10,10,455.0,332.0,true,1.414
SCN_001,725,24.1333,454.0,332.0,450,328,10,10,455.0,333.0,true,1.414
SCN_001,726,24.1667,455.0,332.0,451,328,10,10,456.0,333.0,true,1.414
SCN_001,727,24.2,455.0,332.0,451,328,10,10,456.0,333.0,true,1.414
SCN_001,728,24.2333,456.0,333.0,452,329,10,10,457.0,334.0,true,1.414
SCN_001,729,24.2667,456.0,333.0,452,329,10,10,457.0,334.0,true,1.414
SCN_001,730,24.3,457.0,333.0,453,329,10,10,458.0,334.0,true,1.414
SCN_001,731,24.3333,457.0,334.0,453,330,10,10,458.0,335.0,true,1.414
SCN_001,732,24.3667,458.0,334.0,454,330,10,10,459.0,335.0,true,1.414
SCN_001,733,24.4,458.0,334.0,454,330,10,10,459.0,335.0,true,1.414
SCN_001,734,24.4333,459.0,335.0,455,331,10,10,460.0,336.0,true,1.414
SCN_001,735,24.4667,459.0,335.0,455,331,10,10,460.0,336.0,true,1.414
SCN_001,736,24.5,460.0,335.0,456,331,10,10,461.0,336.0,true,1.414
SCN_001,737,24.5333,460.0,336.0,456,332,10,10,461.0,337.0,true,1.414
SCN_001,738,24.5667,461.0,336.0,457,332,10,10,462.0,337.0,true,1.414
SCN_001,739,24.6,461.0,336.0,457,332,10,10,462.0,337.0,true,1.414
SCN_001,740,24.6333,462.0,337.0,458,333,10,10,463.0,338.0,true,1.414
SCN_001,741,24.6667,462.0,337.0,458,333,10,10,463.0,338.0,true,1.414
SCN_001,742,24.7,463.0,337.0,459,333,10,10,464.0,338.0,true,1.414
SCN_001,743,24.7333,463.0,338.0,459,334,10,10,464.0,339.0,true,1.414
SCN_001,744,24.7667,464.0,338.0,460,334,10,10,465.0,339.0,true,1.414
SCN_001,745,24.8,464.0,338.0,460,334,10,10,465.0,339.0,true,1.414
SCN_001,746,24.8333,465.0,339.0,461,335,10,10,466.0,340.0,true,1.414
SCN_001,747,24.8667,465.0,339.0,461,335,10,10,466.0,340.0,true,1.414
SCN_001,748,24.9,466.0,339.0,462,335,10,10,467.0,340.0,true,1.414
SCN_001,749,24.9333,466.0,340.0,462,336,10,10,467.0,341.0,true,1.414
SCN_001,750,24.9667,467.0,340.0,463,336,10,10,468.0,341.0,true,1.414
SCN_001,751,25.0,467.0,340.0,463,336,10,10,468.0,341.0,true,1.414
SCN_001,752,25.0333,468.0,341.0,464,337,10,10,469.0,342.0,true,1.414
SCN_001,753,25.0667,468.0,341.0,464,337,10,10,469.0,342.0,true,1.414
SCN_001,754,25.1,469.0,341.0,465,337,10,10,470.0,342.0,true,1.414
SCN_001,755,25.1333,469.0,342.0,465,338,10,10,470.0,343.0,true,1.414
SCN_001,756,25.1667,469.0,342.0,465,338,10,10,470.0,343.0,true,1.414
SCN_001,757,25.2,470.0,342.0,466,338,10,10,471.0,343.0,true,1.414
SCN_001,758,25.2333,470.0,343.0,466,339,10,10,471.0,344.0,true,1.414
SCN_001,759,25.2667,471.0,343.0,467,339,10,10,472.0,344.0,true,1.414
SCN_001,760,25.3,471.0,343.0,467,339,10,10,472.0,344.0,true,1.414
SCN_001,761,25.3333,472.0,344.0,468,340,10,10,473.0,345.0,true,1.414
SCN_001,762,25.3667,472.0,344.0,468,340,10,10,473.0,345.0,true,1.414
SCN_001,763,25.4,473.0,344.0,469,340,10,10,474.0,345.0,true,1.414
SCN_001,764,25.4333,473.0,345.0,469,341,10,10,474.0,346.0,true,1.414
SCN_001,765,25.4667,474.0,345.0,470,341,10,10,475.0,346.0,true,1.414
SCN_001,766,25.5,474.0,345.0,470,341,10,10,475.0,346.0,true,1.414
SCN_001,767,25.5333,475.0,346.0,471,342,10,10,476.0,347.0,true,1.414
SCN_001,768,25.5667,475.0,346.0,471,342,10,10,476.0,347.0,true,1.414
SCN_001,769,25.6,476.0,346.0,472,342,10,10,477.0,347.0,true,1.414
SCN_001,770,25.6333,476.0,347.0,472,343,10,10,477.0,348.0,true,1.414
SCN_001,771,25.6667,477.0,347.0,473,343,10,10,478.0,348.0,true,1.414
SCN_001,772,25.7,477.0,347.0,473,343,10,10,478.0,348.0,true,1.414
SCN_001,773,25.7333,478.0,348.0,474,344,10,10,479.0,349.0,true,1.414
SCN_001,774,25.7667,478.0,348.0,474,344,10,10,479.0,349.0,true,1.414
SCN_001,775,25.8,479.0,348.0,475,344,10,10,480.0,349.0,true,1.414
SCN_001,776,25.8333,479.0,349.0,475,345,10,10,480.0,350.0,true,1.414
SCN_001,777,25.8667,480.0,349.0,476,345,10,10,481.0,350.0,true,1.414
SCN_001,778,25.9,480.0,349.0,476,345,10,10,481.0,350.0,true,1.414
SCN_001,779,25.9333,481.0,350.0,477,346,10,10,482.0,351.0,true,1.414
SCN_001,780,25.9667,481.0,350.0,477,346,10,10,482.0,351.0,true,1.414
SCN_001,781,26.0,482.0,350.0,478,346,10,10,483.0,351.0,true,1.414
SCN_001,782,26.0333,482.0,351.0,478,347,10,10,483.0,352.0,true,1.414
SCN_001,783,26.0667,483.0,351.0,479,347,10,10,484.0,352.0,true,1.414
SCN_001,784,26.1,483.0,351.0,479,347,10,10,484.0,352.0,true,1.414
SCN_001,785,26.1333,484.0,352.0,480,348,10,10,485.0,353.0,true,1.414
SCN_001,786,26.1667,484.0,352.0,480,348,10,10,485.0,353.0,true,1.414
SCN_001,787,26.2,485.0,352.0,481,348,10,10,486.0,353.0,true,1.414
SCN_001,788,26.2333,485.0,353.0,481,349,10,10,486.0,354.0,true,1.414
SCN_001,789,26.2667,486.0,353.0,482,349,10,10,487.0,354.0,true,1.414
SCN_001,790,26.3,486.0,353.0,482,349,10,10,487.0,354.0,true,1.414
SCN_001,791,26.3333,487.0,354.0,483,350,10,10,488.0,355.0,true,1.414
SCN_001,792,26.3667,487.0,354.0,483,350,10,10,488.0,355.0,true,1.414
SCN_001,793,26.4,488.0,354.0,484,350,10,10,489.0,355.0,true,1.414
SCN_001,794,26.4333,488.0,355.0,484,351,10,10,489.0,356.0,true,1.414
SCN_001,795,26.4667,489.0,355.0,485,351,10,10,490.0,356.0,true,1.414
SCN_001,796,26.5,489.0,355.0,485,351,10,10,490.0,356.0,true,1.414
SCN_001,797,26.5333,490.0,356.0,486,352,10,10,491.0,357.0,true,1.414
SCN_001,798,26.5667,490.0,356.0,486,352,10,10,491.0,357.0,true,1.414
SCN_001,799,26.6,491.0,356.0,487,352,10,10,492.0,357.0,true,1.414
SCN_001,800,26.6333,491.0,357.0,487,353,10,10,492.0,358.0,true,1.414
SCN_001,801,26.6667,492.0,357.0,488,353,10,10,493.0,358.0,true,1.414
SCN_001,802,26.7,492.0,357.0,488,353,10,10,493.0,358.0,true,1.414
SCN_001,803,26.7333,493.0,358.0,489,354,10,10,494.0,359.0,true,1.414
SCN_001,804,26.7667,493.0,358.0,489,354,10,10,494.0,359.0,true,1.414
SCN_001,805,26.8,493.0,358.0,489,354,10,10,494.0,359.0,true,1.414
SCN_001,806,26.8333,494.0,359.0,490,355,10,10,495.0,360.0,true,1.414
SCN_001,807,26.8667,494.0,359.0,490,355,10,10,495.0,360.0,true,1.414
SCN_001,808,26.9,495.0,359.0,491,355,10,10,496.0,360.0,true,1.414
SCN_001,809,26.9333,495.0,360.0,491,356,10,10,496.0,361.0,true,1.414
SCN_001,810,26.9667,496.0,360.0,492,356,10,10,497.0,361.0,true,1.414
SCN_001,811,27.0,496.0,360.0,492,356,10,10,497.0,361.0,true,1.414
SCN_001,812,27.0333,497.0,361.0,493,357,10,10,498.0,362.0,true,1.414
SCN_001,813,27.0667,497.0,361.0,493,357,10,10,498.0,362.0,true,1.414
SCN_001,814,27.1,498.0,361.0,494,357,10,10,499.0,362.0,true,1.414
SCN_001,815,27.1333,498.0,362.0,494,358,10,10,499.0,363.0,true,1.414
SCN_001,816,27.1667,499.0,362.0,495,358,10,10,500.0,363.0,true,1.414
SCN_001,817,27.2,499.0,362.0,495,358,10,10,500.0,363.0,true,1.414
SCN_001,818,27.2333,500.0,363.0,496,359,10,10,501.0,364.0,true,1.414
SCN_001,819,27.2667,500.0,363.0,496,359,10,10,501.0,364.0,true,1.414
SCN_001,820,27.3,501.0,363.0,497,359,10,10,502.0,364.0,true,1.414
SCN_001,821,27.3333,501.0,364.0,497,360,10,10,502.0,365.0,true,1.414
SCN_001,822,27.3667,502.0,364.0,498,360,10,10,503.0,365.0,true,1.414
SCN_001,823,27.4,502.0,364.0,498,360,10,10,503.0,365.0,true,1.414
SCN_001,824,27.4333,503.0,365.0,499,361,10,10,504.0,366.0,true,1.414
SCN_001,825,27.4667,503.0,365.0,499,361,10,10,504.0,366.0,true,1.414
SCN_001,826,27.5,504.0,365.0,500,361,10,10,505.0,366.0,true,1.414
SCN_001,827,27.5333,504.0,366.0,500,362,10,10,505.0,367.0,true,1.414
SCN_001,828,27.5667,505.0,366.0,501,362,10,10,506.0,367.0,true,1.414
SCN_001,829,27.6,505.0,366.0,501,362,10,10,506.0,367.0,true,1.414
SCN_001,830,27.6333,506.0,367.0,502,363,10,10,507.0,368.0,true,1.414
SCN_001,831,27.6667,506.0,367.0,502,363,10,10,507.0,368.0,true,1.414
SCN_001,832,27.7,507.0,367.0,503,363,10,10,508.0,368.0,true,1.414
SCN_001,833,27.7333,507.0,368.0,503,364,10,10,508.0,369.0,true,1.414
SCN_001,834,27.7667,508.0,368.0,504,364,10,10,509.0,369.0,true,1.414
SCN_001,835,27.8,508.0,368.0,504,364,10,10,509.0,369.0,true,1.414
SCN_001,836,27.8333,509.0,369.0,505,365,10,10,510.0,370.0,true,1.414
SCN_001,837,27.8667,509.0,369.0,505,365,10,10,510.0,370.0,true,1.414
SCN_001,838,27.9,510.0,369.0,506,365,10,10,511.0,370.0,true,1.414
SCN_001,839,27.9333,510.0,370.0,506,366,10,10,511.0,371.0,true,1.414
SCN_001,840,27.9667,511.0,370.0,507,366,10,10,512.0,371.0,true,1.414
SCN_001,841,28.0,511.0,370.0,507,366,10,10,512.0,371.0,true,1.414
SCN_001,842,28.0333,512.0,371.0,508,367,10,10,513.0,372.0,true,1.414
SCN_001,843,28.0667,512.0,371.0,508,367,10,10,513.0,372.0,true,1.414
SCN_001,844,28.1,513.0,371.0,509,367,10,10,514.0,372.0,true,1.414
SCN_001,845,28.1333,513.0,372.0,509,368,10,10,514.0,373.0,true,1.414
SCN_001,846,28.1667,514.0,372.0,510,368,10,10,515.0,373.0,true,1.414
SCN_001,847,28.2,514.0,372.0,510,368,10,10,515.0,373.0,true,1.414
SCN_001,848,28.2333,515.0,373.0,511,369,10,10,516.0,374.0,true,1.414
SCN_001,849,28.2667,515.0,373.0,511,369,10,10,516.0,374.0,true,1.414
SCN_001,850,28.3,516.0,373.0,512,369,10,10,517.0,374.0,true,1.414
SCN_001,851,28.3333,516.0,374.0,512,370,10,10,517.0,375.0,true,1.414
SCN_001,852,28.3667,516.0,374.0,512,370,10,10,517.0,375.0,true,1.414
SCN_001,853,28.4,517.0,374.0,513,370,10,10,518.0,375.0,true,1.414
SCN_001,854,28.4333,517.0,375.0,513,371,10,10,518.0,376.0,true,1.414
SCN_001,855,28.4667,518.0,375.0,514,371,10,10,519.0,376.0,true,1.414
SCN_001,856,28.5,518.0,375.0,514,371,10,10,519.0,376.0,true,1.414
SCN_001,857,28.5333,519.0,376.0,515,372,10,10,520.0,377.0,true,1.414
SCN_001,858,28.5667,519.0,376.0,515,372,10,10,520.0,377.0,true,1.414
SCN_001,859,28.6,520.0,376.0,516,372,10,10,521.0,377.0,true,1.414
SCN_001,860,28.6333,520.0,377.0,516,373,10,10,521.0,378.0,true,1.414
SCN_001,861,28.6667,521.0,377.0,517,373,10,10,522.0,378.0,true,1.414
SCN_001,862,28.7,521.0,377.0,517,373,10,10,522.0,378.0,true,1.414
SCN_001,863,28.7333,522.0,378.0,518,374,10,10,523.0,379.0,true,1.414
SCN_001,864,28.7667,522.0,378.0,518,374,10,10,523.0,379.0,true,1.414
SCN_001,865,28.8,523.0,378.0,519,374,10,10,524.0,379.0,true,1.414
SCN_001,866,28.8333,523.0,379.0,519,375,10,10,524.0,380.0,true,1.414
SCN_001,867,28.8667,524.0,379.0,520,375,10,10,525.0,380.0,true,1.414
SCN_001,868,28.9,524.0,379.0,520,375,10,10,525.0,380.0,true,1.414
SCN_001,869,28.9333,525.0,380.0,521,376,10,10,526.0,381.0,true,1.414
SCN_001,870,28.9667,525.0,380.0,521,376,10,10,526.0,381.0,true,1.414
SCN_001,871,29.0,526.0,380.0,522,376,10,10,527.0,381.0,true,1.414
SCN_001,872,29.0333,526.0,381.0,522,377,10,10,527.0,382.0,true,1.414
SCN_001,873,29.0667,527.0,381.0,523,377,10,10,528.0,382.0,true,1.414
SCN_001,874,29.1,527.0,381.0,523,377,10,10,528.0,382.0,true,1.414
SCN_001,875,29.1333,528.0,382.0,524,378,10,10,529.0,383.0,true,1.414
SCN_001,876,29.1667,528.0,382.0,524,378,10,10,529.0,383.0,true,1.414
SCN_001,877,29.2,529.0,382.0,525,378,10,10,530.0,383.0,true,1.414
SCN_001,878,29.2333,529.0,383.0,525,379,10,10,530.0,384.0,true,1.414
SCN_001,879,29.2667,530.0,383.0,526,379,10,10,531.0,384.0,true,1.414
SCN_001,880,29.3,530.0,383.0,526,379,10,10,531.0,384.0,true,1.414
SCN_001,881,29.3333,531.0,384.0,527,380,10,10,532.0,385.0,true,1.414
SCN_001,882,29.3667,531.0,384.0,527,380,10,10,532.0,385.0,true,1.414
SCN_001,883,29.4,532.0,384.0,528,380,10,10,533.0,385.0,true,1.414
SCN_001,884,29.4333,532.0,385.0,528,381,10,10,533.0,386.0,true,1.414
SCN_001,885,29.4667,533.0,385.0,529,381,10,10,534.0,386.0,true,1.414
SCN_001,886,29.5,533.0,385.0,529,381,10,10,534.0,386.0,true,1.414
SCN_001,887,29.5333,534.0,386.0,530,382,10,10,535.0,387.0,true,1.414
SCN_001,888,29.5667,534.0,386.0,530,382,10,10,535.0,387.0,true,1.414
SCN_001,889,29.6,535.0,386.0,531,382,10,10,536.0,387.0,true,1.414
SCN_001,890,29.6333,535.0,387.0,531,383,10,10,536.0,388.0,true,1.414
SCN_001,891,29.6667,536.0,387.0,532,383,10,10,537.0,388.0,true,1.414
SCN_001,892,29.7,536.0,387.0,532,383,10,10,537.0,388.0,true,1.414
SCN_001,893,29.7333,537.0,388.0,533,384,10,10,538.0,389.0,true,1.414
SCN_001,894,29.7667,537.0,388.0,533,384,10,10,538.0,389.0,true,1.414
SCN_001,895,29.8,538.0,388.0,534,384,10,10,539.0,389.0,true,1.414
SCN_001,896,29.8333,538.0,389.0,534,385,10,10,539.0,390.0,true,1.414
SCN_001,897,29.8667,539.0,389.0,535,385,10,10,540.0,390.0,true,1.414
SCN_001,898,29.9,539.0,389.0,535,385,10,10,540.0,390.0,true,1.414
SCN_001,899,29.9333,539.0,390.0,535,386,10,10,540.0,391.0,true,1.414
SCN_001,900,29.9667,540.0,390.0,536,386,10,10,541.0,391.0,true,1.414
